file,line_unavailable_signature_based,rule,pattern,layer,sample
src/accounting/advanced-pages.ts,-,ARCH001,A: UI يقرأ/يكتب DB مباشرة,presentation,"DB.data"
src/accounting/advanced-pages.ts,-,ARCH001,A: UI يقرأ/يكتب DB مباشرة,presentation,"DB.data"
src/accounting/advanced-pages.ts,-,ARCH001,A: UI يقرأ/يكتب DB مباشرة,presentation,"DB.data"
src/accounting/advanced-pages.ts,-,ARCH001,A: UI يقرأ/يكتب DB مباشرة,presentation,"DB.data"
src/accounting/advanced-pages.ts,-,ARCH001,A: UI يقرأ/يكتب DB مباشرة,presentation,"DB.data"
src/accounting/advanced-pages.ts,-,ARCH001,A: UI يقرأ/يكتب DB مباشرة,presentation,"DB.data"
src/accounting/advanced-pages.ts,-,ARCH001,A: UI يقرأ/يكتب DB مباشرة,presentation,"DB.data"
src/accounting/advanced-pages.ts,-,ARCH001,A: UI يقرأ/يكتب DB مباشرة,presentation,"DB.data"
src/accounting/advanced-pages.ts,-,ARCH001,A: UI يقرأ/يكتب DB مباشرة,presentation,"DB.data"
src/accounting/advanced-pages.ts,-,ARCH001,A: UI يقرأ/يكتب DB مباشرة,presentation,"DB.data"
src/accounting/advanced-pages.ts,-,ARCH001,A: UI يقرأ/يكتب DB مباشرة,presentation,"DB.data"
src/accounting/advanced-pages.ts,-,ARCH001,A: UI يقرأ/يكتب DB مباشرة,presentation,"DB.data"
src/accounting/advanced-pages.ts,-,ARCH001,A: UI يقرأ/يكتب DB مباشرة,presentation,"DB.data"
src/accounting/advanced-pages.ts,-,ARCH001,A: UI يقرأ/يكتب DB مباشرة,presentation,"DB.data"
src/accounting/advanced-pages.ts,-,ARCH001,A: UI يقرأ/يكتب DB مباشرة,presentation,"DB.data"
src/accounting/advanced-pages.ts,-,ARCH001,A: UI يقرأ/يكتب DB مباشرة,presentation,"DB.data"
src/commercial/pages.ts,-,ARCH001,A: UI يقرأ/يكتب DB مباشرة,presentation,"DB.data"
src/commercial/pages.ts,-,ARCH001,A: UI يقرأ/يكتب DB مباشرة,presentation,"DB.data"
src/commercial/pages.ts,-,ARCH001,A: UI يقرأ/يكتب DB مباشرة,presentation,"DB.data"
src/commercial/pages.ts,-,ARCH001,A: UI يقرأ/يكتب DB مباشرة,presentation,"DB.data"
src/commercial/pages.ts,-,ARCH001,A: UI يقرأ/يكتب DB مباشرة,presentation,"DB.data"
src/commercial/pages.ts,-,ARCH001,A: UI يقرأ/يكتب DB مباشرة,presentation,"DB.data"
src/commercial/pages.ts,-,ARCH001,A: UI يقرأ/يكتب DB مباشرة,presentation,"DB.data"
src/commercial/pages.ts,-,ARCH001,A: UI يقرأ/يكتب DB مباشرة,presentation,"DB.data"
src/commercial/pages.ts,-,ARCH001,A: UI يقرأ/يكتب DB مباشرة,presentation,"DB.data"
src/commercial/pages.ts,-,ARCH001,A: UI يقرأ/يكتب DB مباشرة,presentation,"DB.data"
src/commercial/pages.ts,-,ARCH001,A: UI يقرأ/يكتب DB مباشرة,presentation,"DB.data"
src/commercial/pages.ts,-,ARCH001,A: UI يقرأ/يكتب DB مباشرة,presentation,"DB.data"
src/commercial/pages.ts,-,ARCH001,A: UI يقرأ/يكتب DB مباشرة,presentation,"DB.data"
src/commercial/pages.ts,-,ARCH001,A: UI يقرأ/يكتب DB مباشرة,presentation,"DB.data"
src/commercial/pages.ts,-,ARCH001,A: UI يقرأ/يكتب DB مباشرة,presentation,"DB.data"
src/commercial/pages.ts,-,ARCH001,A: UI يقرأ/يكتب DB مباشرة,presentation,"DB.data"
src/core/umrah/actions-print.ts,-,ARCH001,A: UI يقرأ/يكتب DB مباشرة,presentation,"DB.data"
src/ui/accounting-pages.ts,-,ARCH001,A: UI يقرأ/يكتب DB مباشرة,presentation,"DB.data"
src/ui/accounting-pages.ts,-,ARCH001,A: UI يقرأ/يكتب DB مباشرة,presentation,"DB.data"
src/ui/accounting-pages.ts,-,ARCH001,A: UI يقرأ/يكتب DB مباشرة,presentation,"DB.data"
src/ui/accounting-pages.ts,-,ARCH001,A: UI يقرأ/يكتب DB مباشرة,presentation,"DB.data"
src/ui/accounting-pages.ts,-,ARCH001,A: UI يقرأ/يكتب DB مباشرة,presentation,"DB.data"
src/ui/accounting-pages.ts,-,ARCH001,A: UI يقرأ/يكتب DB مباشرة,presentation,"DB.data"
src/ui/accounting-pages.ts,-,ARCH001,A: UI يقرأ/يكتب DB مباشرة,presentation,"DB.data"
src/ui/accounting-pages.ts,-,ARCH001,A: UI يقرأ/يكتب DB مباشرة,presentation,"DB.data"
src/ui/accounting-pages.ts,-,ARCH001,A: UI يقرأ/يكتب DB مباشرة,presentation,"DB.data"
src/ui/accounting-pages.ts,-,ARCH001,A: UI يقرأ/يكتب DB مباشرة,presentation,"DB.data"
src/ui/accounting-pages.ts,-,ARCH001,A: UI يقرأ/يكتب DB مباشرة,presentation,"DB.data"
src/ui/accounting-pages.ts,-,ARCH001,A: UI يقرأ/يكتب DB مباشرة,presentation,"DB.data"
src/ui/accounting-pages.ts,-,ARCH001,A: UI يقرأ/يكتب DB مباشرة,presentation,"DB.data"
src/ui/accounting-pages.ts,-,ARCH001,A: UI يقرأ/يكتب DB مباشرة,presentation,"DB.data"
src/ui/accounting-pages.ts,-,ARCH001,A: UI يقرأ/يكتب DB مباشرة,presentation,"DB.data"
src/ui/accounting-pages.ts,-,ARCH001,A: UI يقرأ/يكتب DB مباشرة,presentation,"DB.data"
src/ui/accounting-pages.ts,-,ARCH001,A: UI يقرأ/يكتب DB مباشرة,presentation,"DB.data"
src/ui/accounting-pages.ts,-,ARCH001,A: UI يقرأ/يكتب DB مباشرة,presentation,"DB.data"
src/ui/actions-handlers-advanced.ts,-,ARCH001,A: UI يقرأ/يكتب DB مباشرة,presentation,"DB.atomicAsync"
src/ui/actions-handlers-advanced.ts,-,ARCH001,A: UI يقرأ/يكتب DB مباشرة,presentation,"DB.atomic"
src/ui/actions-handlers-advanced.ts,-,ARCH001,A: UI يقرأ/يكتب DB مباشرة,presentation,"DB.atomic"
src/ui/actions-handlers-advanced.ts,-,ARCH001,A: UI يقرأ/يكتب DB مباشرة,presentation,"DB.atomic"
src/ui/actions-handlers-advanced.ts,-,ARCH001,A: UI يقرأ/يكتب DB مباشرة,presentation,"DB.atomic"
src/ui/actions-handlers-advanced.ts,-,ARCH001,A: UI يقرأ/يكتب DB مباشرة,presentation,"DB.atomic"
src/ui/actions-handlers-advanced.ts,-,ARCH001,A: UI يقرأ/يكتب DB مباشرة,presentation,"DB.atomic"
src/ui/actions-handlers-advanced.ts,-,ARCH001,A: UI يقرأ/يكتب DB مباشرة,presentation,"DB.data"
src/ui/actions-handlers-advanced.ts,-,ARCH001,A: UI يقرأ/يكتب DB مباشرة,presentation,"DB.data"
src/ui/actions-handlers-advanced.ts,-,ARCH001,A: UI يقرأ/يكتب DB مباشرة,presentation,"DB.data"
src/ui/actions-handlers-advanced.ts,-,ARCH001,A: UI يقرأ/يكتب DB مباشرة,presentation,"DB.data"
src/ui/actions-handlers-advanced.ts,-,ARCH001,A: UI يقرأ/يكتب DB مباشرة,presentation,"DB.data"
src/ui/actions-handlers-advanced.ts,-,ARCH001,A: UI يقرأ/يكتب DB مباشرة,presentation,"DB.data"
src/ui/actions-handlers-advanced.ts,-,ARCH001,A: UI يقرأ/يكتب DB مباشرة,presentation,"DB.data"
src/ui/actions-handlers-advanced.ts,-,ARCH001,A: UI يقرأ/يكتب DB مباشرة,presentation,"DB.data"
src/ui/actions-handlers-advanced.ts,-,ARCH001,A: UI يقرأ/يكتب DB مباشرة,presentation,"DB.data"
src/ui/actions-handlers-advanced.ts,-,ARCH001,A: UI يقرأ/يكتب DB مباشرة,presentation,"DB.data"
src/ui/actions-handlers-advanced.ts,-,ARCH001,A: UI يقرأ/يكتب DB مباشرة,presentation,"DB.data"
src/ui/actions-handlers-advanced.ts,-,ARCH001,A: UI يقرأ/يكتب DB مباشرة,presentation,"DB.data"
src/ui/actions-handlers-advanced.ts,-,ARCH001,A: UI يقرأ/يكتب DB مباشرة,presentation,"DB.data"
src/ui/actions-handlers-advanced.ts,-,ARCH001,A: UI يقرأ/يكتب DB مباشرة,presentation,"DB.data"
src/ui/actions-handlers-advanced.ts,-,ARCH001,A: UI يقرأ/يكتب DB مباشرة,presentation,"DB.data"
src/ui/actions-handlers-advanced.ts,-,ARCH001,A: UI يقرأ/يكتب DB مباشرة,presentation,"DB.data"
src/ui/actions-handlers-advanced.ts,-,ARCH001,A: UI يقرأ/يكتب DB مباشرة,presentation,"DB.data"
src/ui/actions-handlers-crm.ts,-,ARCH001,A: UI يقرأ/يكتب DB مباشرة,presentation,"DB.atomicAsync"
src/ui/actions-handlers-crm.ts,-,ARCH001,A: UI يقرأ/يكتب DB مباشرة,presentation,"DB.atomicAsync"
src/ui/actions-handlers-crm.ts,-,ARCH001,A: UI يقرأ/يكتب DB مباشرة,presentation,"DB.log"
src/ui/actions-handlers-crm.ts,-,ARCH001,A: UI يقرأ/يكتب DB مباشرة,presentation,"DB.data"
src/ui/actions-handlers-crm.ts,-,ARCH001,A: UI يقرأ/يكتب DB مباشرة,presentation,"DB.data"
src/ui/actions-handlers-crm.ts,-,ARCH001,A: UI يقرأ/يكتب DB مباشرة,presentation,"DB.data"
src/ui/actions-handlers-crm.ts,-,ARCH001,A: UI يقرأ/يكتب DB مباشرة,presentation,"DB.save"
src/ui/actions-handlers-documents.ts,-,ARCH001,A: UI يقرأ/يكتب DB مباشرة,presentation,"DB.atomic"
src/ui/actions-handlers-documents.ts,-,ARCH001,A: UI يقرأ/يكتب DB مباشرة,presentation,"DB.atomic"
src/ui/actions-handlers-documents.ts,-,ARCH001,A: UI يقرأ/يكتب DB مباشرة,presentation,"DB.atomic"
src/ui/actions-handlers-documents.ts,-,ARCH001,A: UI يقرأ/يكتب DB مباشرة,presentation,"DB.atomic"
src/ui/actions-handlers-documents.ts,-,ARCH001,A: UI يقرأ/يكتب DB مباشرة,presentation,"DB.data"
src/ui/actions-handlers-documents.ts,-,ARCH001,A: UI يقرأ/يكتب DB مباشرة,presentation,"DB.data"
src/ui/actions-handlers-documents.ts,-,ARCH001,A: UI يقرأ/يكتب DB مباشرة,presentation,"DB.data"
src/ui/actions-handlers-documents.ts,-,ARCH001,A: UI يقرأ/يكتب DB مباشرة,presentation,"DB.data"
src/ui/actions-handlers-documents.ts,-,ARCH001,A: UI يقرأ/يكتب DB مباشرة,presentation,"DB.data"
src/ui/actions-handlers-documents.ts,-,ARCH001,A: UI يقرأ/يكتب DB مباشرة,presentation,"DB.data"
src/ui/actions-handlers-documents.ts,-,ARCH001,A: UI يقرأ/يكتب DB مباشرة,presentation,"DB.data"
src/ui/actions-handlers-documents.ts,-,ARCH001,A: UI يقرأ/يكتب DB مباشرة,presentation,"DB.data"
src/ui/actions-handlers-documents.ts,-,ARCH001,A: UI يقرأ/يكتب DB مباشرة,presentation,"DB.data"
src/ui/actions-handlers-documents.ts,-,ARCH001,A: UI يقرأ/يكتب DB مباشرة,presentation,"DB.data"
src/ui/actions-handlers-documents.ts,-,ARCH001,A: UI يقرأ/يكتب DB مباشرة,presentation,"DB.data"
src/ui/actions-handlers-documents.ts,-,ARCH001,A: UI يقرأ/يكتب DB مباشرة,presentation,"DB.data"
src/ui/actions-handlers-finance.ts,-,ARCH001,A: UI يقرأ/يكتب DB مباشرة,presentation,"DB.atomicAsync"
src/ui/actions-handlers-finance.ts,-,ARCH001,A: UI يقرأ/يكتب DB مباشرة,presentation,"DB.atomic"
src/ui/actions-handlers-finance.ts,-,ARCH001,A: UI يقرأ/يكتب DB مباشرة,presentation,"DB.atomic"
src/ui/actions-handlers-finance.ts,-,ARCH001,A: UI يقرأ/يكتب DB مباشرة,presentation,"DB.atomic"
src/ui/actions-handlers-finance.ts,-,ARCH001,A: UI يقرأ/يكتب DB مباشرة,presentation,"DB.atomic"
src/ui/actions-handlers-finance.ts,-,ARCH001,A: UI يقرأ/يكتب DB مباشرة,presentation,"DB.atomic"
src/ui/actions-handlers-finance.ts,-,ARCH001,A: UI يقرأ/يكتب DB مباشرة,presentation,"DB.atomic"
src/ui/actions-handlers-finance.ts,-,ARCH001,A: UI يقرأ/يكتب DB مباشرة,presentation,"DB.atomic"
src/ui/actions-handlers-finance.ts,-,ARCH001,A: UI يقرأ/يكتب DB مباشرة,presentation,"DB.atomic"
src/ui/actions-handlers-finance.ts,-,ARCH001,A: UI يقرأ/يكتب DB مباشرة,presentation,"DB.atomic"
src/ui/actions-handlers-finance.ts,-,ARCH001,A: UI يقرأ/يكتب DB مباشرة,presentation,"DB.data"
src/ui/actions-handlers-finance.ts,-,ARCH001,A: UI يقرأ/يكتب DB مباشرة,presentation,"DB.data"
src/ui/actions-handlers-master.ts,-,ARCH001,A: UI يقرأ/يكتب DB مباشرة,presentation,"DB.log"
src/ui/actions-handlers-master.ts,-,ARCH001,A: UI يقرأ/يكتب DB مباشرة,presentation,"DB.log"
src/ui/actions-handlers-master.ts,-,ARCH001,A: UI يقرأ/يكتب DB مباشرة,presentation,"DB.log"
src/ui/actions-handlers-master.ts,-,ARCH001,A: UI يقرأ/يكتب DB مباشرة,presentation,"DB.atomic"
src/ui/actions-handlers-master.ts,-,ARCH001,A: UI يقرأ/يكتب DB مباشرة,presentation,"DB.atomic"
src/ui/actions-handlers-master.ts,-,ARCH001,A: UI يقرأ/يكتب DB مباشرة,presentation,"DB.atomic"
src/ui/actions-handlers-master.ts,-,ARCH001,A: UI يقرأ/يكتب DB مباشرة,presentation,"DB.atomic"
src/ui/actions-handlers-master.ts,-,ARCH001,A: UI يقرأ/يكتب DB مباشرة,presentation,"DB.atomic"
src/ui/actions-handlers-master.ts,-,ARCH001,A: UI يقرأ/يكتب DB مباشرة,presentation,"DB.atomic"
src/ui/actions-handlers-master.ts,-,ARCH001,A: UI يقرأ/يكتب DB مباشرة,presentation,"DB.atomic"
src/ui/actions-handlers-master.ts,-,ARCH001,A: UI يقرأ/يكتب DB مباشرة,presentation,"DB.atomic"
src/ui/actions-handlers-master.ts,-,ARCH001,A: UI يقرأ/يكتب DB مباشرة,presentation,"DB.data"
src/ui/actions-handlers-master.ts,-,ARCH001,A: UI يقرأ/يكتب DB مباشرة,presentation,"DB.data"
src/ui/actions-handlers-master.ts,-,ARCH001,A: UI يقرأ/يكتب DB مباشرة,presentation,"DB.data"
src/ui/actions-handlers-master.ts,-,ARCH001,A: UI يقرأ/يكتب DB مباشرة,presentation,"DB.data"
src/ui/actions-handlers-master.ts,-,ARCH001,A: UI يقرأ/يكتب DB مباشرة,presentation,"DB.data"
src/ui/actions-handlers-master.ts,-,ARCH001,A: UI يقرأ/يكتب DB مباشرة,presentation,"DB.data"
src/ui/actions-handlers-master.ts,-,ARCH001,A: UI يقرأ/يكتب DB مباشرة,presentation,"DB.data"
src/ui/actions-handlers-master.ts,-,ARCH001,A: UI يقرأ/يكتب DB مباشرة,presentation,"DB.data"
src/ui/actions-handlers-master.ts,-,ARCH001,A: UI يقرأ/يكتب DB مباشرة,presentation,"DB.data"
src/ui/actions-handlers-master.ts,-,ARCH001,A: UI يقرأ/يكتب DB مباشرة,presentation,"DB.data"
src/ui/actions-handlers-master.ts,-,ARCH001,A: UI يقرأ/يكتب DB مباشرة,presentation,"DB.data"
src/ui/actions-handlers-master.ts,-,ARCH001,A: UI يقرأ/يكتب DB مباشرة,presentation,"DB.data"
src/ui/actions-handlers-master.ts,-,ARCH001,A: UI يقرأ/يكتب DB مباشرة,presentation,"DB.data"
src/ui/actions-handlers-master.ts,-,ARCH001,A: UI يقرأ/يكتب DB مباشرة,presentation,"DB.data"
src/ui/actions-handlers-master.ts,-,ARCH001,A: UI يقرأ/يكتب DB مباشرة,presentation,"DB.data"
src/ui/actions-handlers-master.ts,-,ARCH001,A: UI يقرأ/يكتب DB مباشرة,presentation,"DB.data"
src/ui/actions-handlers-master.ts,-,ARCH001,A: UI يقرأ/يكتب DB مباشرة,presentation,"DB.data"
src/ui/actions-handlers-master.ts,-,ARCH001,A: UI يقرأ/يكتب DB مباشرة,presentation,"DB.data"
src/ui/actions-handlers-master.ts,-,ARCH001,A: UI يقرأ/يكتب DB مباشرة,presentation,"DB.save"
src/ui/actions-handlers-reports-settings.ts,-,ARCH001,A: UI يقرأ/يكتب DB مباشرة,presentation,"DB.import"
src/ui/actions-handlers-reports-settings.ts,-,ARCH001,A: UI يقرأ/يكتب DB مباشرة,presentation,"DB.data"
src/ui/actions-handlers-reports-settings.ts,-,ARCH001,A: UI يقرأ/يكتب DB مباشرة,presentation,"DB.data"
src/ui/actions-handlers-reports-settings.ts,-,ARCH001,A: UI يقرأ/يكتب DB مباشرة,presentation,"DB.data"
src/ui/actions-handlers-reports-settings.ts,-,ARCH001,A: UI يقرأ/يكتب DB مباشرة,presentation,"DB.data"
src/ui/actions-handlers-reports-settings.ts,-,ARCH001,A: UI يقرأ/يكتب DB مباشرة,presentation,"DB.data"
src/ui/actions-handlers-reports-settings.ts,-,ARCH001,A: UI يقرأ/يكتب DB مباشرة,presentation,"DB.data"
src/ui/actions-handlers-reports-settings.ts,-,ARCH001,A: UI يقرأ/يكتب DB مباشرة,presentation,"DB.data"
src/ui/actions-handlers-reports-settings.ts,-,ARCH001,A: UI يقرأ/يكتب DB مباشرة,presentation,"DB.data"
src/ui/actions-handlers-reports-settings.ts,-,ARCH001,A: UI يقرأ/يكتب DB مباشرة,presentation,"DB.data"
src/ui/actions-handlers-reports-settings.ts,-,ARCH001,A: UI يقرأ/يكتب DB مباشرة,presentation,"DB.data"
src/ui/actions-handlers-reports-settings.ts,-,ARCH001,A: UI يقرأ/يكتب DB مباشرة,presentation,"DB.data"
src/ui/actions-handlers-reports-settings.ts,-,ARCH001,A: UI يقرأ/يكتب DB مباشرة,presentation,"DB.data"
src/ui/actions-handlers-reports-settings.ts,-,ARCH001,A: UI يقرأ/يكتب DB مباشرة,presentation,"DB.data"
src/ui/actions-handlers-reports-settings.ts,-,ARCH001,A: UI يقرأ/يكتب DB مباشرة,presentation,"DB.data"
src/ui/actions-handlers-reports-settings.ts,-,ARCH001,A: UI يقرأ/يكتب DB مباشرة,presentation,"DB.data"
src/ui/actions-handlers-reports-settings.ts,-,ARCH001,A: UI يقرأ/يكتب DB مباشرة,presentation,"DB.data"
src/ui/actions-handlers-reports-settings.ts,-,ARCH001,A: UI يقرأ/يكتب DB مباشرة,presentation,"DB.data"
src/ui/actions-handlers-reports-settings.ts,-,ARCH001,A: UI يقرأ/يكتب DB مباشرة,presentation,"DB.data"
src/ui/actions-handlers-reports-settings.ts,-,ARCH001,A: UI يقرأ/يكتب DB مباشرة,presentation,"DB.data"
src/ui/actions-handlers-reports-settings.ts,-,ARCH001,A: UI يقرأ/يكتب DB مباشرة,presentation,"DB.data"
src/ui/actions-handlers-reports-settings.ts,-,ARCH001,A: UI يقرأ/يكتب DB مباشرة,presentation,"DB.data"
src/ui/actions-handlers-reports-settings.ts,-,ARCH001,A: UI يقرأ/يكتب DB مباشرة,presentation,"DB.data"
src/ui/actions-handlers-reports-settings.ts,-,ARCH001,A: UI يقرأ/يكتب DB مباشرة,presentation,"DB.data"
src/ui/actions-handlers-reports-settings.ts,-,ARCH001,A: UI يقرأ/يكتب DB مباشرة,presentation,"DB.data"
src/ui/actions-handlers-reports-settings.ts,-,ARCH001,A: UI يقرأ/يكتب DB مباشرة,presentation,"DB.data"
src/ui/actions-handlers-reports-settings.ts,-,ARCH001,A: UI يقرأ/يكتب DB مباشرة,presentation,"DB.data"
src/ui/actions-handlers-reports-settings.ts,-,ARCH001,A: UI يقرأ/يكتب DB مباشرة,presentation,"DB.data"
src/ui/actions-handlers-reports-settings.ts,-,ARCH001,A: UI يقرأ/يكتب DB مباشرة,presentation,"DB.data"
src/ui/actions-handlers-reports-settings.ts,-,ARCH001,A: UI يقرأ/يكتب DB مباشرة,presentation,"DB.data"
src/ui/actions-handlers-reports-settings.ts,-,ARCH001,A: UI يقرأ/يكتب DB مباشرة,presentation,"DB.data"
src/ui/actions-handlers-reports-settings.ts,-,ARCH001,A: UI يقرأ/يكتب DB مباشرة,presentation,"DB.data"
src/ui/actions-handlers-reports-settings.ts,-,ARCH001,A: UI يقرأ/يكتب DB مباشرة,presentation,"DB.data"
src/ui/actions-handlers-reports-settings.ts,-,ARCH001,A: UI يقرأ/يكتب DB مباشرة,presentation,"DB.data"
src/ui/actions-handlers-reports-settings.ts,-,ARCH001,A: UI يقرأ/يكتب DB مباشرة,presentation,"DB.data"
src/ui/actions-handlers-reports-settings.ts,-,ARCH001,A: UI يقرأ/يكتب DB مباشرة,presentation,"DB.data"
src/ui/actions-handlers-reports-settings.ts,-,ARCH001,A: UI يقرأ/يكتب DB مباشرة,presentation,"DB.data"
src/ui/actions-handlers-reports-settings.ts,-,ARCH001,A: UI يقرأ/يكتب DB مباشرة,presentation,"DB.data"
src/ui/actions-handlers-reports-settings.ts,-,ARCH001,A: UI يقرأ/يكتب DB مباشرة,presentation,"DB.data"
src/ui/actions-handlers-reports-settings.ts,-,ARCH001,A: UI يقرأ/يكتب DB مباشرة,presentation,"DB.data"
src/ui/actions-handlers-reports-settings.ts,-,ARCH001,A: UI يقرأ/يكتب DB مباشرة,presentation,"DB.data"
src/ui/actions-handlers-reports-settings.ts,-,ARCH001,A: UI يقرأ/يكتب DB مباشرة,presentation,"DB.data"
src/ui/actions-handlers-reports-settings.ts,-,ARCH001,A: UI يقرأ/يكتب DB مباشرة,presentation,"DB.save"
src/ui/actions-handlers-reports-settings.ts,-,ARCH001,A: UI يقرأ/يكتب DB مباشرة,presentation,"DB.save"
src/ui/actions-handlers-reports-settings.ts,-,ARCH001,A: UI يقرأ/يكتب DB مباشرة,presentation,"DB.save"
src/ui/actions-handlers-reports-settings.ts,-,ARCH001,A: UI يقرأ/يكتب DB مباشرة,presentation,"DB.save"
src/ui/actions-handlers-reports-settings.ts,-,ARCH001,A: UI يقرأ/يكتب DB مباشرة,presentation,"DB.save"
src/ui/actions-handlers-reports-settings.ts,-,ARCH001,A: UI يقرأ/يكتب DB مباشرة,presentation,"DB.save"
src/ui/actions-handlers-reports-settings.ts,-,ARCH001,A: UI يقرأ/يكتب DB مباشرة,presentation,"DB.save"
src/ui/admin-pages.ts,-,ARCH001,A: UI يقرأ/يكتب DB مباشرة,presentation,"DB.data"
src/ui/admin-pages.ts,-,ARCH001,A: UI يقرأ/يكتب DB مباشرة,presentation,"DB.data"
src/ui/admin-pages.ts,-,ARCH001,A: UI يقرأ/يكتب DB مباشرة,presentation,"DB.data"
src/ui/admin-pages.ts,-,ARCH001,A: UI يقرأ/يكتب DB مباشرة,presentation,"DB.data"
src/ui/admin-pages.ts,-,ARCH001,A: UI يقرأ/يكتب DB مباشرة,presentation,"DB.data"
src/ui/admin-pages.ts,-,ARCH001,A: UI يقرأ/يكتب DB مباشرة,presentation,"DB.data"
src/ui/admin-pages.ts,-,ARCH001,A: UI يقرأ/يكتب DB مباشرة,presentation,"DB.data"
src/ui/admin-pages.ts,-,ARCH001,A: UI يقرأ/يكتب DB مباشرة,presentation,"DB.data"
src/ui/admin-pages.ts,-,ARCH001,A: UI يقرأ/يكتب DB مباشرة,presentation,"DB.data"
src/ui/admin-pages.ts,-,ARCH001,A: UI يقرأ/يكتب DB مباشرة,presentation,"DB.data"
src/ui/admin-pages.ts,-,ARCH001,A: UI يقرأ/يكتب DB مباشرة,presentation,"DB.data"
src/ui/admin-pages.ts,-,ARCH001,A: UI يقرأ/يكتب DB مباشرة,presentation,"DB.data"
src/ui/admin-pages.ts,-,ARCH001,A: UI يقرأ/يكتب DB مباشرة,presentation,"DB.data"
src/ui/admin-pages.ts,-,ARCH001,A: UI يقرأ/يكتب DB مباشرة,presentation,"DB.data"
src/ui/admin-pages.ts,-,ARCH001,A: UI يقرأ/يكتب DB مباشرة,presentation,"DB.data"
src/ui/admin-pages.ts,-,ARCH001,A: UI يقرأ/يكتب DB مباشرة,presentation,"DB.data"
src/ui/clean-pages.ts,-,ARCH001,A: UI يقرأ/يكتب DB مباشرة,presentation,"DB.data"
src/ui/clean-pages.ts,-,ARCH001,A: UI يقرأ/يكتب DB مباشرة,presentation,"DB.data"
src/ui/clean-pages.ts,-,ARCH001,A: UI يقرأ/يكتب DB مباشرة,presentation,"DB.data"
src/ui/clean-pages.ts,-,ARCH001,A: UI يقرأ/يكتب DB مباشرة,presentation,"DB.data"
src/ui/clean-pages.ts,-,ARCH001,A: UI يقرأ/يكتب DB مباشرة,presentation,"DB.data"
src/ui/clean-pages.ts,-,ARCH001,A: UI يقرأ/يكتب DB مباشرة,presentation,"DB.data"
src/ui/clean-pages.ts,-,ARCH001,A: UI يقرأ/يكتب DB مباشرة,presentation,"DB.data"
src/ui/clean-pages.ts,-,ARCH001,A: UI يقرأ/يكتب DB مباشرة,presentation,"DB.data"
src/ui/clean-pages.ts,-,ARCH001,A: UI يقرأ/يكتب DB مباشرة,presentation,"DB.data"
src/ui/clean-pages.ts,-,ARCH001,A: UI يقرأ/يكتب DB مباشرة,presentation,"DB.data"
src/ui/clean-pages.ts,-,ARCH001,A: UI يقرأ/يكتب DB مباشرة,presentation,"DB.data"
src/ui/clean-pages.ts,-,ARCH001,A: UI يقرأ/يكتب DB مباشرة,presentation,"DB.data"
src/ui/clean-pages.ts,-,ARCH001,A: UI يقرأ/يكتب DB مباشرة,presentation,"DB.data"
src/ui/clean-pages.ts,-,ARCH001,A: UI يقرأ/يكتب DB مباشرة,presentation,"DB.data"
src/ui/clean-pages.ts,-,ARCH001,A: UI يقرأ/يكتب DB مباشرة,presentation,"DB.data"
src/ui/clean-pages.ts,-,ARCH001,A: UI يقرأ/يكتب DB مباشرة,presentation,"DB.data"
src/ui/clean-pages.ts,-,ARCH001,A: UI يقرأ/يكتب DB مباشرة,presentation,"DB.data"
src/ui/clean-pages.ts,-,ARCH001,A: UI يقرأ/يكتب DB مباشرة,presentation,"DB.data"
src/ui/clean-pages.ts,-,ARCH001,A: UI يقرأ/يكتب DB مباشرة,presentation,"DB.data"
src/ui/clean-pages.ts,-,ARCH001,A: UI يقرأ/يكتب DB مباشرة,presentation,"DB.data"
src/ui/clean-pages.ts,-,ARCH001,A: UI يقرأ/يكتب DB مباشرة,presentation,"DB.data"
src/ui/clean-pages.ts,-,ARCH001,A: UI يقرأ/يكتب DB مباشرة,presentation,"DB.data"
src/ui/clean-pages.ts,-,ARCH001,A: UI يقرأ/يكتب DB مباشرة,presentation,"DB.data"
src/ui/clean-pages.ts,-,ARCH001,A: UI يقرأ/يكتب DB مباشرة,presentation,"DB.data"
src/ui/clean-pages.ts,-,ARCH001,A: UI يقرأ/يكتب DB مباشرة,presentation,"DB.data"
src/ui/clean-pages.ts,-,ARCH001,A: UI يقرأ/يكتب DB مباشرة,presentation,"DB.data"
src/ui/clean-pages.ts,-,ARCH001,A: UI يقرأ/يكتب DB مباشرة,presentation,"DB.data"
src/ui/clean-pages.ts,-,ARCH001,A: UI يقرأ/يكتب DB مباشرة,presentation,"DB.data"
src/ui/commercial-ux.ts,-,ARCH001,A: UI يقرأ/يكتب DB مباشرة,presentation,"DB.lastSaveError"
src/ui/commercial-ux.ts,-,ARCH001,A: UI يقرأ/يكتب DB مباشرة,presentation,"DB.lastSaveError"
src/ui/commercial-ux.ts,-,ARCH001,A: UI يقرأ/يكتب DB مباشرة,presentation,"DB.lastSaveError"
src/ui/commercial-ux.ts,-,ARCH001,A: UI يقرأ/يكتب DB مباشرة,presentation,"DB.save.bind(DB)"
src/ui/commercial-ux.ts,-,ARCH001,A: UI يقرأ/يكتب DB مباشرة,presentation,"DB.save"
src/ui/commercial-ux.ts,-,ARCH001,A: UI يقرأ/يكتب DB مباشرة,presentation,"DB.save"
src/ui/commercial-ux.ts,-,ARCH001,A: UI يقرأ/يكتب DB مباشرة,presentation,"DB.save"
src/ui/forms-definitions.ts,-,ARCH001,A: UI يقرأ/يكتب DB مباشرة,presentation,"DB.log"
src/ui/forms-definitions.ts,-,ARCH001,A: UI يقرأ/يكتب DB مباشرة,presentation,"DB.log"
src/ui/forms-definitions.ts,-,ARCH001,A: UI يقرأ/يكتب DB مباشرة,presentation,"DB.log"
src/ui/forms-definitions.ts,-,ARCH001,A: UI يقرأ/يكتب DB مباشرة,presentation,"DB.data"
src/ui/forms-definitions.ts,-,ARCH001,A: UI يقرأ/يكتب DB مباشرة,presentation,"DB.data"
src/ui/forms-definitions.ts,-,ARCH001,A: UI يقرأ/يكتب DB مباشرة,presentation,"DB.data"
src/ui/forms-definitions.ts,-,ARCH001,A: UI يقرأ/يكتب DB مباشرة,presentation,"DB.data"
src/ui/forms-definitions.ts,-,ARCH001,A: UI يقرأ/يكتب DB مباشرة,presentation,"DB.data"
src/ui/forms-definitions.ts,-,ARCH001,A: UI يقرأ/يكتب DB مباشرة,presentation,"DB.data"
src/ui/forms-definitions.ts,-,ARCH001,A: UI يقرأ/يكتب DB مباشرة,presentation,"DB.data"
src/ui/forms-definitions.ts,-,ARCH001,A: UI يقرأ/يكتب DB مباشرة,presentation,"DB.data"
src/ui/forms-definitions.ts,-,ARCH001,A: UI يقرأ/يكتب DB مباشرة,presentation,"DB.data"
src/ui/forms-definitions.ts,-,ARCH001,A: UI يقرأ/يكتب DB مباشرة,presentation,"DB.data"
src/ui/forms-definitions.ts,-,ARCH001,A: UI يقرأ/يكتب DB مباشرة,presentation,"DB.data"
src/ui/forms-definitions.ts,-,ARCH001,A: UI يقرأ/يكتب DB مباشرة,presentation,"DB.data"
src/ui/forms-definitions.ts,-,ARCH001,A: UI يقرأ/يكتب DB مباشرة,presentation,"DB.data"
src/ui/forms-definitions.ts,-,ARCH001,A: UI يقرأ/يكتب DB مباشرة,presentation,"DB.data"
src/ui/forms-definitions.ts,-,ARCH001,A: UI يقرأ/يكتب DB مباشرة,presentation,"DB.data"
src/ui/forms-definitions.ts,-,ARCH001,A: UI يقرأ/يكتب DB مباشرة,presentation,"DB.data"
src/ui/forms-definitions.ts,-,ARCH001,A: UI يقرأ/يكتب DB مباشرة,presentation,"DB.data"
src/ui/forms-definitions.ts,-,ARCH001,A: UI يقرأ/يكتب DB مباشرة,presentation,"DB.data"
src/ui/forms-definitions.ts,-,ARCH001,A: UI يقرأ/يكتب DB مباشرة,presentation,"DB.data"
src/ui/forms-definitions.ts,-,ARCH001,A: UI يقرأ/يكتب DB مباشرة,presentation,"DB.data"
src/ui/forms-definitions.ts,-,ARCH001,A: UI يقرأ/يكتب DB مباشرة,presentation,"DB.data"
src/ui/forms-definitions.ts,-,ARCH001,A: UI يقرأ/يكتب DB مباشرة,presentation,"DB.data"
src/ui/forms-definitions.ts,-,ARCH001,A: UI يقرأ/يكتب DB مباشرة,presentation,"DB.data"
src/ui/forms-definitions.ts,-,ARCH001,A: UI يقرأ/يكتب DB مباشرة,presentation,"DB.data"
src/ui/forms-definitions.ts,-,ARCH001,A: UI يقرأ/يكتب DB مباشرة,presentation,"DB.data"
src/ui/forms-definitions.ts,-,ARCH001,A: UI يقرأ/يكتب DB مباشرة,presentation,"DB.data"
src/ui/forms-definitions.ts,-,ARCH001,A: UI يقرأ/يكتب DB مباشرة,presentation,"DB.data"
src/ui/forms-definitions.ts,-,ARCH001,A: UI يقرأ/يكتب DB مباشرة,presentation,"DB.data"
src/ui/forms-definitions.ts,-,ARCH001,A: UI يقرأ/يكتب DB مباشرة,presentation,"DB.data"
src/ui/forms-definitions.ts,-,ARCH001,A: UI يقرأ/يكتب DB مباشرة,presentation,"DB.data"
src/ui/forms-definitions.ts,-,ARCH001,A: UI يقرأ/يكتب DB مباشرة,presentation,"DB.data"
src/ui/forms-definitions.ts,-,ARCH001,A: UI يقرأ/يكتب DB مباشرة,presentation,"DB.data"
src/ui/forms-definitions.ts,-,ARCH001,A: UI يقرأ/يكتب DB مباشرة,presentation,"DB.data"
src/ui/forms-definitions.ts,-,ARCH001,A: UI يقرأ/يكتب DB مباشرة,presentation,"DB.data"
src/ui/forms-definitions.ts,-,ARCH001,A: UI يقرأ/يكتب DB مباشرة,presentation,"DB.data"
src/ui/forms-definitions.ts,-,ARCH001,A: UI يقرأ/يكتب DB مباشرة,presentation,"DB.data"
src/ui/forms-definitions.ts,-,ARCH001,A: UI يقرأ/يكتب DB مباشرة,presentation,"DB.data"
src/ui/forms-definitions.ts,-,ARCH001,A: UI يقرأ/يكتب DB مباشرة,presentation,"DB.data"
src/ui/forms-definitions.ts,-,ARCH001,A: UI يقرأ/يكتب DB مباشرة,presentation,"DB.data"
src/ui/forms-definitions.ts,-,ARCH001,A: UI يقرأ/يكتب DB مباشرة,presentation,"DB.data"
src/ui/forms-definitions.ts,-,ARCH001,A: UI يقرأ/يكتب DB مباشرة,presentation,"DB.data"
src/ui/forms-definitions.ts,-,ARCH001,A: UI يقرأ/يكتب DB مباشرة,presentation,"DB.data"
src/ui/forms-definitions.ts,-,ARCH001,A: UI يقرأ/يكتب DB مباشرة,presentation,"DB.data"
src/ui/forms-definitions.ts,-,ARCH001,A: UI يقرأ/يكتب DB مباشرة,presentation,"DB.data"
src/ui/forms-definitions.ts,-,ARCH001,A: UI يقرأ/يكتب DB مباشرة,presentation,"DB.data"
src/ui/forms-definitions.ts,-,ARCH001,A: UI يقرأ/يكتب DB مباشرة,presentation,"DB.data"
src/ui/forms-definitions.ts,-,ARCH001,A: UI يقرأ/يكتب DB مباشرة,presentation,"DB.data"
src/ui/forms-definitions.ts,-,ARCH001,A: UI يقرأ/يكتب DB مباشرة,presentation,"DB.data"
src/ui/forms-definitions.ts,-,ARCH001,A: UI يقرأ/يكتب DB مباشرة,presentation,"DB.data"
src/ui/forms-definitions.ts,-,ARCH001,A: UI يقرأ/يكتب DB مباشرة,presentation,"DB.data"
src/ui/forms-definitions.ts,-,ARCH001,A: UI يقرأ/يكتب DB مباشرة,presentation,"DB.data"
src/ui/forms-definitions.ts,-,ARCH001,A: UI يقرأ/يكتب DB مباشرة,presentation,"DB.data"
src/ui/forms-definitions.ts,-,ARCH001,A: UI يقرأ/يكتب DB مباشرة,presentation,"DB.data"
src/ui/forms-definitions.ts,-,ARCH001,A: UI يقرأ/يكتب DB مباشرة,presentation,"DB.data"
src/ui/forms-definitions.ts,-,ARCH001,A: UI يقرأ/يكتب DB مباشرة,presentation,"DB.data"
src/ui/forms-definitions.ts,-,ARCH001,A: UI يقرأ/يكتب DB مباشرة,presentation,"DB.data"
src/ui/forms-definitions.ts,-,ARCH001,A: UI يقرأ/يكتب DB مباشرة,presentation,"DB.data"
src/ui/forms-definitions.ts,-,ARCH001,A: UI يقرأ/يكتب DB مباشرة,presentation,"DB.data"
src/ui/forms-definitions.ts,-,ARCH001,A: UI يقرأ/يكتب DB مباشرة,presentation,"DB.data"
src/ui/forms-definitions.ts,-,ARCH001,A: UI يقرأ/يكتب DB مباشرة,presentation,"DB.data"
src/ui/forms-definitions.ts,-,ARCH001,A: UI يقرأ/يكتب DB مباشرة,presentation,"DB.data"
src/ui/forms-definitions.ts,-,ARCH001,A: UI يقرأ/يكتب DB مباشرة,presentation,"DB.data"
src/ui/forms-definitions.ts,-,ARCH001,A: UI يقرأ/يكتب DB مباشرة,presentation,"DB.data"
src/ui/forms-definitions.ts,-,ARCH001,A: UI يقرأ/يكتب DB مباشرة,presentation,"DB.data"
src/ui/forms-definitions.ts,-,ARCH001,A: UI يقرأ/يكتب DB مباشرة,presentation,"DB.data"
src/ui/forms-definitions.ts,-,ARCH001,A: UI يقرأ/يكتب DB مباشرة,presentation,"DB.data"
src/ui/forms-definitions.ts,-,ARCH001,A: UI يقرأ/يكتب DB مباشرة,presentation,"DB.data"
src/ui/forms-definitions.ts,-,ARCH001,A: UI يقرأ/يكتب DB مباشرة,presentation,"DB.data"
src/ui/forms-definitions.ts,-,ARCH001,A: UI يقرأ/يكتب DB مباشرة,presentation,"DB.data"
src/ui/forms-definitions.ts,-,ARCH001,A: UI يقرأ/يكتب DB مباشرة,presentation,"DB.data"
src/ui/forms.ts,-,ARCH001,A: UI يقرأ/يكتب DB مباشرة,presentation,"DB.atomic"
src/ui/forms.ts,-,ARCH001,A: UI يقرأ/يكتب DB مباشرة,presentation,"DB.atomic"
src/ui/forms.ts,-,ARCH001,A: UI يقرأ/يكتب DB مباشرة,presentation,"DB.atomic"
src/ui/forms.ts,-,ARCH001,A: UI يقرأ/يكتب DB مباشرة,presentation,"DB.data"
src/ui/forms.ts,-,ARCH001,A: UI يقرأ/يكتب DB مباشرة,presentation,"DB.data"
src/ui/forms.ts,-,ARCH001,A: UI يقرأ/يكتب DB مباشرة,presentation,"DB.data"
src/ui/forms.ts,-,ARCH001,A: UI يقرأ/يكتب DB مباشرة,presentation,"DB.data"
src/ui/forms.ts,-,ARCH001,A: UI يقرأ/يكتب DB مباشرة,presentation,"DB.data"
src/ui/forms.ts,-,ARCH001,A: UI يقرأ/يكتب DB مباشرة,presentation,"DB.data"
src/ui/forms.ts,-,ARCH001,A: UI يقرأ/يكتب DB مباشرة,presentation,"DB.data"
src/ui/forms.ts,-,ARCH001,A: UI يقرأ/يكتب DB مباشرة,presentation,"DB.data"
src/ui/forms.ts,-,ARCH001,A: UI يقرأ/يكتب DB مباشرة,presentation,"DB.data"
src/ui/forms.ts,-,ARCH001,A: UI يقرأ/يكتب DB مباشرة,presentation,"DB.data"
src/ui/forms.ts,-,ARCH001,A: UI يقرأ/يكتب DB مباشرة,presentation,"DB.data"
src/ui/forms.ts,-,ARCH001,A: UI يقرأ/يكتب DB مباشرة,presentation,"DB.data"
src/ui/forms.ts,-,ARCH001,A: UI يقرأ/يكتب DB مباشرة,presentation,"DB.data"
src/ui/forms.ts,-,ARCH001,A: UI يقرأ/يكتب DB مباشرة,presentation,"DB.data"
src/ui/forms.ts,-,ARCH001,A: UI يقرأ/يكتب DB مباشرة,presentation,"DB.data"
src/ui/forms.ts,-,ARCH001,A: UI يقرأ/يكتب DB مباشرة,presentation,"DB.data"
src/ui/forms.ts,-,ARCH001,A: UI يقرأ/يكتب DB مباشرة,presentation,"DB.data"
src/ui/forms.ts,-,ARCH001,A: UI يقرأ/يكتب DB مباشرة,presentation,"DB.data"
src/ui/forms.ts,-,ARCH001,A: UI يقرأ/يكتب DB مباشرة,presentation,"DB.data"
src/ui/forms.ts,-,ARCH001,A: UI يقرأ/يكتب DB مباشرة,presentation,"DB.data"
src/ui/forms.ts,-,ARCH001,A: UI يقرأ/يكتب DB مباشرة,presentation,"DB.data"
src/ui/forms.ts,-,ARCH001,A: UI يقرأ/يكتب DB مباشرة,presentation,"DB.data"
src/ui/forms.ts,-,ARCH001,A: UI يقرأ/يكتب DB مباشرة,presentation,"DB.data"
src/ui/forms.ts,-,ARCH001,A: UI يقرأ/يكتب DB مباشرة,presentation,"DB.data"
src/ui/forms.ts,-,ARCH001,A: UI يقرأ/يكتب DB مباشرة,presentation,"DB.data"
src/ui/forms.ts,-,ARCH001,A: UI يقرأ/يكتب DB مباشرة,presentation,"DB.data"
src/ui/forms.ts,-,ARCH001,A: UI يقرأ/يكتب DB مباشرة,presentation,"DB.data"
src/ui/forms.ts,-,ARCH001,A: UI يقرأ/يكتب DB مباشرة,presentation,"DB.data"
src/ui/forms.ts,-,ARCH001,A: UI يقرأ/يكتب DB مباشرة,presentation,"DB.data"
src/ui/forms.ts,-,ARCH001,A: UI يقرأ/يكتب DB مباشرة,presentation,"DB.data"
src/ui/forms.ts,-,ARCH001,A: UI يقرأ/يكتب DB مباشرة,presentation,"DB.data"
src/ui/forms.ts,-,ARCH001,A: UI يقرأ/يكتب DB مباشرة,presentation,"DB.data"
src/ui/forms.ts,-,ARCH001,A: UI يقرأ/يكتب DB مباشرة,presentation,"DB.data"
src/ui/forms.ts,-,ARCH001,A: UI يقرأ/يكتب DB مباشرة,presentation,"DB.data"
src/ui/forms.ts,-,ARCH001,A: UI يقرأ/يكتب DB مباشرة,presentation,"DB.data"
src/ui/forms.ts,-,ARCH001,A: UI يقرأ/يكتب DB مباشرة,presentation,"DB.data"
src/ui/forms.ts,-,ARCH001,A: UI يقرأ/يكتب DB مباشرة,presentation,"DB.data"
src/ui/forms.ts,-,ARCH001,A: UI يقرأ/يكتب DB مباشرة,presentation,"DB.data"
src/ui/forms.ts,-,ARCH001,A: UI يقرأ/يكتب DB مباشرة,presentation,"DB.data"
src/ui/forms.ts,-,ARCH001,A: UI يقرأ/يكتب DB مباشرة,presentation,"DB.data"
src/ui/forms.ts,-,ARCH001,A: UI يقرأ/يكتب DB مباشرة,presentation,"DB.data"
src/ui/forms.ts,-,ARCH001,A: UI يقرأ/يكتب DB مباشرة,presentation,"DB.data"
src/ui/forms.ts,-,ARCH001,A: UI يقرأ/يكتب DB مباشرة,presentation,"DB.data"
src/ui/forms.ts,-,ARCH001,A: UI يقرأ/يكتب DB مباشرة,presentation,"DB.data"
src/ui/forms.ts,-,ARCH001,A: UI يقرأ/يكتب DB مباشرة,presentation,"DB.data"
src/ui/forms.ts,-,ARCH001,A: UI يقرأ/يكتب DB مباشرة,presentation,"DB.save"
src/ui/forms.ts,-,ARCH001,A: UI يقرأ/يكتب DB مباشرة,presentation,"DB.save"
src/ui/navigation.ts,-,ARCH001,A: UI يقرأ/يكتب DB مباشرة,presentation,"DB.data"
src/ui/navigation.ts,-,ARCH001,A: UI يقرأ/يكتب DB مباشرة,presentation,"DB.data"
src/ui/navigation.ts,-,ARCH001,A: UI يقرأ/يكتب DB مباشرة,presentation,"DB.data"
src/ui/navigation.ts,-,ARCH001,A: UI يقرأ/يكتب DB مباشرة,presentation,"DB.data"
src/ui/navigation.ts,-,ARCH001,A: UI يقرأ/يكتب DB مباشرة,presentation,"DB.data"
src/ui/navigation.ts,-,ARCH001,A: UI يقرأ/يكتب DB مباشرة,presentation,"DB.data"
src/ui/navigation.ts,-,ARCH001,A: UI يقرأ/يكتب DB مباشرة,presentation,"DB.data"
src/ui/navigation.ts,-,ARCH001,A: UI يقرأ/يكتب DB مباشرة,presentation,"DB.data"
src/ui/navigation.ts,-,ARCH001,A: UI يقرأ/يكتب DB مباشرة,presentation,"DB.data"
src/ui/operations-pages.ts,-,ARCH001,A: UI يقرأ/يكتب DB مباشرة,presentation,"DB.data"
src/ui/operations-pages.ts,-,ARCH001,A: UI يقرأ/يكتب DB مباشرة,presentation,"DB.data"
src/ui/operations-pages.ts,-,ARCH001,A: UI يقرأ/يكتب DB مباشرة,presentation,"DB.data"
src/ui/operations-pages.ts,-,ARCH001,A: UI يقرأ/يكتب DB مباشرة,presentation,"DB.data"
src/ui/operations-pages.ts,-,ARCH001,A: UI يقرأ/يكتب DB مباشرة,presentation,"DB.data"
src/ui/operations-pages.ts,-,ARCH001,A: UI يقرأ/يكتب DB مباشرة,presentation,"DB.data"
src/ui/operations-pages.ts,-,ARCH001,A: UI يقرأ/يكتب DB مباشرة,presentation,"DB.data"
src/ui/operations-pages.ts,-,ARCH001,A: UI يقرأ/يكتب DB مباشرة,presentation,"DB.data"
src/ui/operations-pages.ts,-,ARCH001,A: UI يقرأ/يكتب DB مباشرة,presentation,"DB.data"
src/ui/operations-pages.ts,-,ARCH001,A: UI يقرأ/يكتب DB مباشرة,presentation,"DB.data"
src/ui/operations-pages.ts,-,ARCH001,A: UI يقرأ/يكتب DB مباشرة,presentation,"DB.data"
src/ui/operations-pages.ts,-,ARCH001,A: UI يقرأ/يكتب DB مباشرة,presentation,"DB.data"
src/ui/operations-pages.ts,-,ARCH001,A: UI يقرأ/يكتب DB مباشرة,presentation,"DB.data"
src/ui/operations-pages.ts,-,ARCH001,A: UI يقرأ/يكتب DB مباشرة,presentation,"DB.data"
src/ui/operations-pages.ts,-,ARCH001,A: UI يقرأ/يكتب DB مباشرة,presentation,"DB.data"
src/ui/operations-pages.ts,-,ARCH001,A: UI يقرأ/يكتب DB مباشرة,presentation,"DB.data"
src/ui/operations-pages.ts,-,ARCH001,A: UI يقرأ/يكتب DB مباشرة,presentation,"DB.data"
src/ui/settings-pages.ts,-,ARCH001,A: UI يقرأ/يكتب DB مباشرة,presentation,"DB.data"
src/ui/settings-pages.ts,-,ARCH001,A: UI يقرأ/يكتب DB مباشرة,presentation,"DB.data"
src/ui/settings-pages.ts,-,ARCH001,A: UI يقرأ/يكتب DB مباشرة,presentation,"DB.data"
src/ui/settings-pages.ts,-,ARCH001,A: UI يقرأ/يكتب DB مباشرة,presentation,"DB.data"
src/ui/settings-pages.ts,-,ARCH001,A: UI يقرأ/يكتب DB مباشرة,presentation,"DB.data"
src/ui/settings-pages.ts,-,ARCH001,A: UI يقرأ/يكتب DB مباشرة,presentation,"DB.data"
src/ui/settings-pages.ts,-,ARCH001,A: UI يقرأ/يكتب DB مباشرة,presentation,"DB.data"
src/ui/settings-pages.ts,-,ARCH001,A: UI يقرأ/يكتب DB مباشرة,presentation,"DB.data"
src/ui/settings-pages.ts,-,ARCH001,A: UI يقرأ/يكتب DB مباشرة,presentation,"DB.data"
src/ui/ui-menus-search.ts,-,ARCH001,A: UI يقرأ/يكتب DB مباشرة,presentation,"DB.data"
src/ui/ui-menus-search.ts,-,ARCH001,A: UI يقرأ/يكتب DB مباشرة,presentation,"DB.data"
src/ui/ui-menus-search.ts,-,ARCH001,A: UI يقرأ/يكتب DB مباشرة,presentation,"DB.data"
src/ui/ui-menus-search.ts,-,ARCH001,A: UI يقرأ/يكتب DB مباشرة,presentation,"DB.data"
src/ui/ui-menus-search.ts,-,ARCH001,A: UI يقرأ/يكتب DB مباشرة,presentation,"DB.data"
src/ui/ui-menus-search.ts,-,ARCH001,A: UI يقرأ/يكتب DB مباشرة,presentation,"DB.data"
src/ui/ui-menus-search.ts,-,ARCH001,A: UI يقرأ/يكتب DB مباشرة,presentation,"DB.data"
src/ui/ui-menus-search.ts,-,ARCH001,A: UI يقرأ/يكتب DB مباشرة,presentation,"DB.data"
src/ui/ui-menus-search.ts,-,ARCH001,A: UI يقرأ/يكتب DB مباشرة,presentation,"DB.data"
src/ui/ui-shell.ts,-,ARCH001,A: UI يقرأ/يكتب DB مباشرة,presentation,"DB.data"
src/ui/ui-shell.ts,-,ARCH001,A: UI يقرأ/يكتب DB مباشرة,presentation,"DB.data"
src/ui/ui-shell.ts,-,ARCH001,A: UI يقرأ/يكتب DB مباشرة,presentation,"DB.data"
src/ui/ui-shell.ts,-,ARCH001,A: UI يقرأ/يكتب DB مباشرة,presentation,"DB.data"
src/ui/ui-shell.ts,-,ARCH001,A: UI يقرأ/يكتب DB مباشرة,presentation,"DB.data"
src/ui/ui-workspace-nav.ts,-,ARCH001,A: UI يقرأ/يكتب DB مباشرة,presentation,"DB.data"
src/ui/ui-workspace-nav.ts,-,ARCH001,A: UI يقرأ/يكتب DB مباشرة,presentation,"DB.data"
src/ui/ui-workspace-nav.ts,-,ARCH001,A: UI يقرأ/يكتب DB مباشرة,presentation,"DB.data"
src/ui/ui-workspace-nav.ts,-,ARCH001,A: UI يقرأ/يكتب DB مباشرة,presentation,"DB.data"
src/ui/work-center.ts,-,ARCH001,A: UI يقرأ/يكتب DB مباشرة,presentation,"DB.data"
src/ui/work-center.ts,-,ARCH001,A: UI يقرأ/يكتب DB مباشرة,presentation,"DB.data"
src/ui/work-center.ts,-,ARCH001,A: UI يقرأ/يكتب DB مباشرة,presentation,"DB.data"
src/ui/work-center.ts,-,ARCH001,A: UI يقرأ/يكتب DB مباشرة,presentation,"DB.data"
src/ui/work-center.ts,-,ARCH001,A: UI يقرأ/يكتب DB مباشرة,presentation,"DB.data"
src/ui/work-center.ts,-,ARCH001,A: UI يقرأ/يكتب DB مباشرة,presentation,"DB.data"
src/ui/work-center.ts,-,ARCH001,A: UI يقرأ/يكتب DB مباشرة,presentation,"DB.data"
src/ui/work-center.ts,-,ARCH001,A: UI يقرأ/يكتب DB مباشرة,presentation,"DB.data"
src/ui/work-center.ts,-,ARCH001,A: UI يقرأ/يكتب DB مباشرة,presentation,"DB.data"
src/ui/work-center.ts,-,ARCH001,A: UI يقرأ/يكتب DB مباشرة,presentation,"DB.data"
src/accounting/engine.ts,-,ARCH002,C: منطق/محاسبة يستدعي UI,domain-core,"UI.openPage"
src/commercial/actions.ts,-,ARCH002,C: منطق/محاسبة يستدعي UI,domain-core,"toast(pinned ? 'تم تثبيت النسخة' : 'تم إلغاء التثبيت', 'ok')"
src/commercial/actions.ts,-,ARCH002,C: منطق/محاسبة يستدعي UI,domain-core,"UI.openPage"
src/commercial/actions.ts,-,ARCH002,C: منطق/محاسبة يستدعي UI,domain-core,"UI.confirmAction"
src/commercial/actions.ts,-,ARCH002,C: منطق/محاسبة يستدعي UI,domain-core,"UI.confirmAction"
src/commercial/actions.ts,-,ARCH002,C: منطق/محاسبة يستدعي UI,domain-core,"UI.confirmAction"
src/commercial/actions.ts,-,ARCH002,C: منطق/محاسبة يستدعي UI,domain-core,"UI.confirmAction"
src/commercial/actions.ts,-,ARCH002,C: منطق/محاسبة يستدعي UI,domain-core,"toast('تم إنشاء النسخة الخادمية والتحقق من سلامتها', 'ok')"
src/commercial/actions.ts,-,ARCH002,C: منطق/محاسبة يستدعي UI,domain-core,"UI.renderCurrent"
src/commercial/actions.ts,-,ARCH002,C: منطق/محاسبة يستدعي UI,domain-core,"toast(e.message, 'error')"
src/commercial/actions.ts,-,ARCH002,C: منطق/محاسبة يستدعي UI,domain-core,"toast(e.message, 'error')"
src/commercial/actions.ts,-,ARCH002,C: منطق/محاسبة يستدعي UI,domain-core,"toast(e.message, 'error')"
src/commercial/actions.ts,-,ARCH002,C: منطق/محاسبة يستدعي UI,domain-core,"toast(e.message, 'error')"
src/commercial/actions.ts,-,ARCH002,C: منطق/محاسبة يستدعي UI,domain-core,"toast(e.message, 'error')"
src/commercial/actions.ts,-,ARCH002,C: منطق/محاسبة يستدعي UI,domain-core,"toast(e.message, 'error')"
src/commercial/actions.ts,-,ARCH002,C: منطق/محاسبة يستدعي UI,domain-core,"toast(e.message, 'error')"
src/commercial/actions.ts,-,ARCH002,C: منطق/محاسبة يستدعي UI,domain-core,"toast(e.message, 'error')"
src/commercial/actions.ts,-,ARCH002,C: منطق/محاسبة يستدعي UI,domain-core,"toast(e.message, 'error')"
src/commercial/actions.ts,-,ARCH002,C: منطق/محاسبة يستدعي UI,domain-core,"toast(e.message, 'error')"
src/commercial/actions.ts,-,ARCH002,C: منطق/محاسبة يستدعي UI,domain-core,"toast(e.message, 'error')"
src/commercial/actions.ts,-,ARCH002,C: منطق/محاسبة يستدعي UI,domain-core,"toast(e.message, 'error')"
src/commercial/actions.ts,-,ARCH002,C: منطق/محاسبة يستدعي UI,domain-core,"toast(e.message, 'error')"
src/commercial/actions.ts,-,ARCH002,C: منطق/محاسبة يستدعي UI,domain-core,"toast(e.message, 'error')"
src/commercial/actions.ts,-,ARCH002,C: منطق/محاسبة يستدعي UI,domain-core,"toast(e.message, 'error')"
src/commercial/actions.ts,-,ARCH002,C: منطق/محاسبة يستدعي UI,domain-core,"toast(e.message, 'error')"
src/commercial/actions.ts,-,ARCH002,C: منطق/محاسبة يستدعي UI,domain-core,"toast(e.message, 'error')"
src/commercial/actions.ts,-,ARCH002,C: منطق/محاسبة يستدعي UI,domain-core,"toast('تم حذف النسخة', 'ok')"
src/commercial/actions.ts,-,ARCH002,C: منطق/محاسبة يستدعي UI,domain-core,"toast(`تم إنشاء أرشيف ${p.periodEnd.slice(0, 4)} بنجاح — سليم ✅`, 'ok')"
src/commercial/actions.ts,-,ARCH002,C: منطق/محاسبة يستدعي UI,domain-core,"toast(x.ok ? 'النسخة سليمة ✅' : 'فشل التحقق ❌', x.ok ? 'ok' : 'error')"
src/commercial/actions.ts,-,ARCH002,C: منطق/محاسبة يستدعي UI,domain-core,"UI.closeModal"
src/commercial/actions.ts,-,ARCH002,C: منطق/محاسبة يستدعي UI,domain-core,"UI.closeModal"
src/commercial/actions.ts,-,ARCH002,C: منطق/محاسبة يستدعي UI,domain-core,"UI.closeModal"
src/commercial/actions.ts,-,ARCH002,C: منطق/محاسبة يستدعي UI,domain-core,"UI.closeModal"
src/commercial/actions.ts,-,ARCH002,C: منطق/محاسبة يستدعي UI,domain-core,"UI.closeModal"
src/commercial/actions.ts,-,ARCH002,C: منطق/محاسبة يستدعي UI,domain-core,"UI.closeModal"
src/commercial/actions.ts,-,ARCH002,C: منطق/محاسبة يستدعي UI,domain-core,"toast('تم تنزيل ملف .erparchive كامل', 'ok')"
src/commercial/actions.ts,-,ARCH002,C: منطق/محاسبة يستدعي UI,domain-core,"toast(`تم تنظيف ${x.deleted || 0} نسخة قديمة غير مثبتة`, 'ok')"
src/commercial/actions.ts,-,ARCH002,C: منطق/محاسبة يستدعي UI,domain-core,"toast(err.message, 'error')"
src/commercial/actions.ts,-,ARCH002,C: منطق/محاسبة يستدعي UI,domain-core,"toast(err.message, 'error')"
src/commercial/actions.ts,-,ARCH002,C: منطق/محاسبة يستدعي UI,domain-core,"toast('تم حذف الأرشيف', 'ok')"
src/commercial/actions.ts,-,ARCH002,C: منطق/محاسبة يستدعي UI,domain-core,"toast('تم إلغاء إعادة التهيئة', 'warning')"
src/commercial/actions.ts,-,ARCH002,C: منطق/محاسبة يستدعي UI,domain-core,"toast('راجع الأرشفة أولًا', 'warning')"
src/commercial/actions.ts,-,ARCH002,C: منطق/محاسبة يستدعي UI,domain-core,"UI.current"
src/commercial/data-exchange.ts,-,ARCH002,C: منطق/محاسبة يستدعي UI,domain-core,"UI.table"
src/commercial/data-exchange.ts,-,ARCH002,C: منطق/محاسبة يستدعي UI,domain-core,"toast(`تم استيراد ${result.added} وتخطي ${result.skipped}`)"
src/commercial/data-exchange.ts,-,ARCH002,C: منطق/محاسبة يستدعي UI,domain-core,"UI.closeModal"
src/commercial/data-exchange.ts,-,ARCH002,C: منطق/محاسبة يستدعي UI,domain-core,"toast(err.message, 'error')"
src/commercial/product.ts,-,ARCH002,C: منطق/محاسبة يستدعي UI,domain-core,"UI.applyBrand"
src/commercial/product.ts,-,ARCH002,C: منطق/محاسبة يستدعي UI,domain-core,"typeof UI"
src/commercial/product.ts,-,ARCH002,C: منطق/محاسبة يستدعي UI,domain-core,"UI.renderCurrent"
src/commercial/product.ts,-,ARCH002,C: منطق/محاسبة يستدعي UI,domain-core,"UI.renderNav"
src/core/delete-center.ts,-,ARCH002,C: منطق/محاسبة يستدعي UI,domain-core,"UI.confirmAction"
src/core/delete-center.ts,-,ARCH002,C: منطق/محاسبة يستدعي UI,domain-core,"toast(out?.retainedForAudit ? `تم مسح ${this.label(kind)} من القوائم مع الاحتفاظ بالأثر المحاسبي` : "
src/core/runtime.ts,-,ARCH002,C: منطق/محاسبة يستدعي UI,domain-core,"toast as any"
src/core/runtime.ts,-,ARCH002,C: منطق/محاسبة يستدعي UI,domain-core,"toast as any"
src/core/umrah/data.ts,-,ARCH002,C: منطق/محاسبة يستدعي UI,domain-core,"UI as any"
src/crm/party360.ts,-,ARCH002,C: منطق/محاسبة يستدعي UI,domain-core,"Pages.head"
src/crm/party360.ts,-,ARCH002,C: منطق/محاسبة يستدعي UI,domain-core,"UI.confirmAction"
src/crm/party360.ts,-,ARCH002,C: منطق/محاسبة يستدعي UI,domain-core,"UI.confirmAction"
src/crm/party360.ts,-,ARCH002,C: منطق/محاسبة يستدعي UI,domain-core,"UI.confirmAction"
src/crm/party360.ts,-,ARCH002,C: منطق/محاسبة يستدعي UI,domain-core,"UI.table"
src/crm/party360.ts,-,ARCH002,C: منطق/محاسبة يستدعي UI,domain-core,"UI.table"
src/crm/party360.ts,-,ARCH002,C: منطق/محاسبة يستدعي UI,domain-core,"UI.table"
src/crm/party360.ts,-,ARCH002,C: منطق/محاسبة يستدعي UI,domain-core,"UI.table"
src/crm/party360.ts,-,ARCH002,C: منطق/محاسبة يستدعي UI,domain-core,"UI.table"
src/crm/party360.ts,-,ARCH002,C: منطق/محاسبة يستدعي UI,domain-core,"UI.table"
src/crm/party360.ts,-,ARCH002,C: منطق/محاسبة يستدعي UI,domain-core,"UI.table"
src/crm/party360.ts,-,ARCH002,C: منطق/محاسبة يستدعي UI,domain-core,"UI.table"
src/crm/party360.ts,-,ARCH002,C: منطق/محاسبة يستدعي UI,domain-core,"UI.table"
src/crm/party360.ts,-,ARCH002,C: منطق/محاسبة يستدعي UI,domain-core,"UI.table"
src/crm/party360.ts,-,ARCH002,C: منطق/محاسبة يستدعي UI,domain-core,"Print.purchaseOrder"
src/crm/party360.ts,-,ARCH002,C: منطق/محاسبة يستدعي UI,domain-core,"Print.voucher"
src/crm/party360.ts,-,ARCH002,C: منطق/محاسبة يستدعي UI,domain-core,"Print.voucher"
src/crm/party360.ts,-,ARCH002,C: منطق/محاسبة يستدعي UI,domain-core,"UI as any"
src/crm/party360.ts,-,ARCH002,C: منطق/محاسبة يستدعي UI,domain-core,"UI as any"
src/crm/party360.ts,-,ARCH002,C: منطق/محاسبة يستدعي UI,domain-core,"UI as any"
src/crm/party360.ts,-,ARCH002,C: منطق/محاسبة يستدعي UI,domain-core,"UI as any"
src/crm/party360.ts,-,ARCH002,C: منطق/محاسبة يستدعي UI,domain-core,"UI.closeModal"
src/crm/party360.ts,-,ARCH002,C: منطق/محاسبة يستدعي UI,domain-core,"UI.closeModal"
src/crm/party360.ts,-,ARCH002,C: منطق/محاسبة يستدعي UI,domain-core,"UI.enhanceResponsiveTables"
src/crm/party360.ts,-,ARCH002,C: منطق/محاسبة يستدعي UI,domain-core,"UI.badge"
src/crm/party360.ts,-,ARCH002,C: منطق/محاسبة يستدعي UI,domain-core,"UI.badge"
src/crm/party360.ts,-,ARCH002,C: منطق/محاسبة يستدعي UI,domain-core,"UI.badge"
src/crm/party360.ts,-,ARCH002,C: منطق/محاسبة يستدعي UI,domain-core,"UI.badge"
src/crm/party360.ts,-,ARCH002,C: منطق/محاسبة يستدعي UI,domain-core,"UI.badge"
src/crm/party360.ts,-,ARCH002,C: منطق/محاسبة يستدعي UI,domain-core,"UI.badge"
src/crm/party360.ts,-,ARCH002,C: منطق/محاسبة يستدعي UI,domain-core,"UI.badge"
src/crm/party360.ts,-,ARCH002,C: منطق/محاسبة يستدعي UI,domain-core,"UI.badge"
src/crm/party360.ts,-,ARCH002,C: منطق/محاسبة يستدعي UI,domain-core,"UI.kpi"
src/crm/party360.ts,-,ARCH002,C: منطق/محاسبة يستدعي UI,domain-core,"UI.kpi"
src/crm/party360.ts,-,ARCH002,C: منطق/محاسبة يستدعي UI,domain-core,"UI.kpi"
src/crm/party360.ts,-,ARCH002,C: منطق/محاسبة يستدعي UI,domain-core,"UI.kpi"
src/crm/party360.ts,-,ARCH002,C: منطق/محاسبة يستدعي UI,domain-core,"Print.invoice"
src/crm/unified-party.ts,-,ARCH002,C: منطق/محاسبة يستدعي UI,domain-core,"UI.table"
src/crm/unified-party.ts,-,ARCH002,C: منطق/محاسبة يستدعي UI,domain-core,"Print.showUnifiedStatement"
src/crm/unified-party.ts,-,ARCH002,C: منطق/محاسبة يستدعي UI,domain-core,"UI.closeModal"
src/crm/unified-party.ts,-,ARCH002,C: منطق/محاسبة يستدعي UI,domain-core,"UI.badge"
src/persistence/browser-store.ts,-,ARCH002,D: persistence يستدعي UI/منطق,persistence,"toast(this.syncBlocked ? this.lastSaveError : (ServerStore.lastError && ServerStore.lastError !== 'ت"
src/accounting/advanced-pages.ts,-,ARCH003,B: UI يستدعي Auth مباشرة,presentation,"Auth.can"
src/accounting/advanced-pages.ts,-,ARCH003,B: UI يستدعي Auth مباشرة,presentation,"Auth.can"
src/accounting/currency-periods.ts,-,ARCH003,B2: طبقة غير UI تستدعي Auth,domain-core,"Auth.user"
src/accounting/currency-periods.ts,-,ARCH003,B2: طبقة غير UI تستدعي Auth,domain-core,"Auth.user"
src/accounting/currency-periods.ts,-,ARCH003,B2: طبقة غير UI تستدعي Auth,domain-core,"Auth.user"
src/accounting/currency-periods.ts,-,ARCH003,B2: طبقة غير UI تستدعي Auth,domain-core,"Auth.user"
src/accounting/engine.ts,-,ARCH003,B2: طبقة غير UI تستدعي Auth,domain-core,"Auth?.user"
src/accounting/expense-categories.ts,-,ARCH003,B2: طبقة غير UI تستدعي Auth,domain-core,"Auth.require"
src/accounting/expense-categories.ts,-,ARCH003,B2: طبقة غير UI تستدعي Auth,domain-core,"Auth.require"
src/accounting/expense-categories.ts,-,ARCH003,B2: طبقة غير UI تستدعي Auth,domain-core,"Auth.require"
src/accounting/invoices.ts,-,ARCH003,B2: طبقة غير UI تستدعي Auth,domain-core,"Auth.user"
src/commercial/actions.ts,-,ARCH003,B2: طبقة غير UI تستدعي Auth,domain-core,"Auth.user"
src/commercial/actions.ts,-,ARCH003,B2: طبقة غير UI تستدعي Auth,domain-core,"Auth.user"
src/commercial/data-exchange.ts,-,ARCH003,B2: طبقة غير UI تستدعي Auth,domain-core,"Auth.require"
src/commercial/data-exchange.ts,-,ARCH003,B2: طبقة غير UI تستدعي Auth,domain-core,"Auth.require"
src/commercial/data-exchange.ts,-,ARCH003,B2: طبقة غير UI تستدعي Auth,domain-core,"Auth.user"
src/commercial/pages.ts,-,ARCH003,B: UI يستدعي Auth مباشرة,presentation,"Auth.can"
src/commercial/pages.ts,-,ARCH003,B: UI يستدعي Auth مباشرة,presentation,"Auth.can"
src/commercial/product.ts,-,ARCH003,B2: طبقة غير UI تستدعي Auth,domain-core,"Auth.user"
src/core/umrah/data.ts,-,ARCH003,B2: طبقة غير UI تستدعي Auth,domain-core,"Auth?.user"
src/core/umrah/data.ts,-,ARCH003,B2: طبقة غير UI تستدعي Auth,domain-core,"Auth.require"
src/core/umrah/data.ts,-,ARCH003,B2: طبقة غير UI تستدعي Auth,domain-core,"Auth.require"
src/core/umrah/data.ts,-,ARCH003,B2: طبقة غير UI تستدعي Auth,domain-core,"Auth.require"
src/core/umrah/data.ts,-,ARCH003,B2: طبقة غير UI تستدعي Auth,domain-core,"Auth.require"
src/core/umrah/data.ts,-,ARCH003,B2: طبقة غير UI تستدعي Auth,domain-core,"Auth.require"
src/core/umrah/data.ts,-,ARCH003,B2: طبقة غير UI تستدعي Auth,domain-core,"Auth.require"
src/core/umrah/data.ts,-,ARCH003,B2: طبقة غير UI تستدعي Auth,domain-core,"Auth.require"
src/core/umrah/data.ts,-,ARCH003,B2: طبقة غير UI تستدعي Auth,domain-core,"Auth.require"
src/core/umrah/data.ts,-,ARCH003,B2: طبقة غير UI تستدعي Auth,domain-core,"Auth.user"
src/core/umrah/data.ts,-,ARCH003,B2: طبقة غير UI تستدعي Auth,domain-core,"Auth.can"
src/crm/party360.ts,-,ARCH003,B2: طبقة غير UI تستدعي Auth,domain-core,"Auth.require"
src/crm/party360.ts,-,ARCH003,B2: طبقة غير UI تستدعي Auth,domain-core,"Auth.require"
src/crm/party360.ts,-,ARCH003,B2: طبقة غير UI تستدعي Auth,domain-core,"Auth.require"
src/crm/party360.ts,-,ARCH003,B2: طبقة غير UI تستدعي Auth,domain-core,"Auth.require"
src/crm/party360.ts,-,ARCH003,B2: طبقة غير UI تستدعي Auth,domain-core,"Auth.can"
src/crm/party360.ts,-,ARCH003,B2: طبقة غير UI تستدعي Auth,domain-core,"Auth.can"
src/crm/party360.ts,-,ARCH003,B2: طبقة غير UI تستدعي Auth,domain-core,"Auth.can"
src/crm/party360.ts,-,ARCH003,B2: طبقة غير UI تستدعي Auth,domain-core,"Auth.can"
src/crm/party360.ts,-,ARCH003,B2: طبقة غير UI تستدعي Auth,domain-core,"Auth.can"
src/crm/party360.ts,-,ARCH003,B2: طبقة غير UI تستدعي Auth,domain-core,"Auth.can"
src/crm/party360.ts,-,ARCH003,B2: طبقة غير UI تستدعي Auth,domain-core,"Auth.can"
src/crm/party360.ts,-,ARCH003,B2: طبقة غير UI تستدعي Auth,domain-core,"Auth.can"
src/crm/party360.ts,-,ARCH003,B2: طبقة غير UI تستدعي Auth,domain-core,"Auth.can"
src/crm/party360.ts,-,ARCH003,B2: طبقة غير UI تستدعي Auth,domain-core,"Auth.can"
src/crm/party360.ts,-,ARCH003,B2: طبقة غير UI تستدعي Auth,domain-core,"Auth.can"
src/crm/party360.ts,-,ARCH003,B2: طبقة غير UI تستدعي Auth,domain-core,"Auth.can"
src/crm/party360.ts,-,ARCH003,B2: طبقة غير UI تستدعي Auth,domain-core,"Auth.can"
src/crm/unified-party.ts,-,ARCH003,B2: طبقة غير UI تستدعي Auth,domain-core,"Auth.can"
src/crm/unified-party.ts,-,ARCH003,B2: طبقة غير UI تستدعي Auth,domain-core,"Auth.can"
src/crm/unified-party.ts,-,ARCH003,B2: طبقة غير UI تستدعي Auth,domain-core,"Auth.can"
src/crm/unified-party.ts,-,ARCH003,B2: طبقة غير UI تستدعي Auth,domain-core,"Auth.can"
src/crm/unified-party.ts,-,ARCH003,B2: طبقة غير UI تستدعي Auth,domain-core,"Auth.can"
src/documents/attachments-backup.ts,-,ARCH003,B2: طبقة غير UI تستدعي Auth,application-platform,"Auth.require"
src/documents/attachments-backup.ts,-,ARCH003,B2: طبقة غير UI تستدعي Auth,application-platform,"Auth.require"
src/documents/attachments-backup.ts,-,ARCH003,B2: طبقة غير UI تستدعي Auth,application-platform,"Auth.require"
src/documents/attachments-backup.ts,-,ARCH003,B2: طبقة غير UI تستدعي Auth,application-platform,"Auth.require"
src/documents/attachments-backup.ts,-,ARCH003,B2: طبقة غير UI تستدعي Auth,application-platform,"Auth.user"
src/finance/insights.ts,-,ARCH003,B2: طبقة غير UI تستدعي Auth,domain-core,"Auth.user"
src/finance/insights.ts,-,ARCH003,B2: طبقة غير UI تستدعي Auth,domain-core,"Auth.user"
src/mobile.ts,-,ARCH003,B2: طبقة غير UI تستدعي Auth,application-platform,"Auth.user"
src/mobile.ts,-,ARCH003,B2: طبقة غير UI تستدعي Auth,application-platform,"Auth.user"
src/mobile.ts,-,ARCH003,B2: طبقة غير UI تستدعي Auth,application-platform,"Auth.user"
src/mobile.ts,-,ARCH003,B2: طبقة غير UI تستدعي Auth,application-platform,"Auth.user"
src/mobile.ts,-,ARCH003,B2: طبقة غير UI تستدعي Auth,application-platform,"Auth.user"
src/mobile.ts,-,ARCH003,B2: طبقة غير UI تستدعي Auth,application-platform,"Auth.user"
src/mobile.ts,-,ARCH003,B2: طبقة غير UI تستدعي Auth,application-platform,"Auth.user"
src/mobile.ts,-,ARCH003,B2: طبقة غير UI تستدعي Auth,application-platform,"Auth.user"
src/mobile.ts,-,ARCH003,B2: طبقة غير UI تستدعي Auth,application-platform,"Auth.user"
src/mobile.ts,-,ARCH003,B2: طبقة غير UI تستدعي Auth,application-platform,"typeof Auth"
src/mobile.ts,-,ARCH003,B2: طبقة غير UI تستدعي Auth,application-platform,"typeof Auth"
src/mobile.ts,-,ARCH003,B2: طبقة غير UI تستدعي Auth,application-platform,"typeof Auth"
src/mobile.ts,-,ARCH003,B2: طبقة غير UI تستدعي Auth,application-platform,"typeof Auth"
src/mobile.ts,-,ARCH003,B2: طبقة غير UI تستدعي Auth,application-platform,"typeof Auth"
src/mobile.ts,-,ARCH003,B2: طبقة غير UI تستدعي Auth,application-platform,"typeof Auth"
src/persistence/browser-store.ts,-,ARCH003,B2: طبقة غير UI تستدعي Auth,persistence,"Auth?.user"
src/persistence/browser-store.ts,-,ARCH003,B2: طبقة غير UI تستدعي Auth,persistence,"Auth?.user"
src/persistence/browser-store.ts,-,ARCH003,B2: طبقة غير UI تستدعي Auth,persistence,"typeof Auth"
src/persistence/browser-store.ts,-,ARCH003,B2: طبقة غير UI تستدعي Auth,persistence,"typeof Auth"
src/reports/printing.ts,-,ARCH003,B2: طبقة غير UI تستدعي Auth,application-platform,"Auth.require"
src/reports/printing.ts,-,ARCH003,B2: طبقة غير UI تستدعي Auth,application-platform,"Auth.require"
src/reports/printing.ts,-,ARCH003,B2: طبقة غير UI تستدعي Auth,application-platform,"Auth.require"
src/reports/printing.ts,-,ARCH003,B2: طبقة غير UI تستدعي Auth,application-platform,"Auth.require"
src/reports/printing.ts,-,ARCH003,B2: طبقة غير UI تستدعي Auth,application-platform,"Auth.require"
src/reports/printing.ts,-,ARCH003,B2: طبقة غير UI تستدعي Auth,application-platform,"Auth.require"
src/reports/printing.ts,-,ARCH003,B2: طبقة غير UI تستدعي Auth,application-platform,"Auth.require"
src/reports/printing.ts,-,ARCH003,B2: طبقة غير UI تستدعي Auth,application-platform,"Auth.require"
src/reports/printing.ts,-,ARCH003,B2: طبقة غير UI تستدعي Auth,application-platform,"Auth.user"
src/reports/printing.ts,-,ARCH003,B2: طبقة غير UI تستدعي Auth,application-platform,"Auth.user"
src/ui/accounting-pages.ts,-,ARCH003,B: UI يستدعي Auth مباشرة,presentation,"Auth.can"
src/ui/accounting-pages.ts,-,ARCH003,B: UI يستدعي Auth مباشرة,presentation,"Auth.can"
src/ui/accounting-pages.ts,-,ARCH003,B: UI يستدعي Auth مباشرة,presentation,"Auth.can"
src/ui/accounting-pages.ts,-,ARCH003,B: UI يستدعي Auth مباشرة,presentation,"Auth.can"
src/ui/accounting-pages.ts,-,ARCH003,B: UI يستدعي Auth مباشرة,presentation,"Auth.can"
src/ui/accounting-pages.ts,-,ARCH003,B: UI يستدعي Auth مباشرة,presentation,"Auth.can"
src/ui/accounting-pages.ts,-,ARCH003,B: UI يستدعي Auth مباشرة,presentation,"Auth.can"
src/ui/accounting-pages.ts,-,ARCH003,B: UI يستدعي Auth مباشرة,presentation,"Auth.can"
src/ui/accounting-pages.ts,-,ARCH003,B: UI يستدعي Auth مباشرة,presentation,"Auth.can"
src/ui/accounting-pages.ts,-,ARCH003,B: UI يستدعي Auth مباشرة,presentation,"Auth.can"
src/ui/accounting-pages.ts,-,ARCH003,B: UI يستدعي Auth مباشرة,presentation,"Auth.can"
src/ui/actions-handlers-crm.ts,-,ARCH003,B: UI يستدعي Auth مباشرة,presentation,"Auth.require"
src/ui/actions-handlers-crm.ts,-,ARCH003,B: UI يستدعي Auth مباشرة,presentation,"Auth.require"
src/ui/actions-handlers-crm.ts,-,ARCH003,B: UI يستدعي Auth مباشرة,presentation,"Auth.require"
src/ui/actions-handlers-crm.ts,-,ARCH003,B: UI يستدعي Auth مباشرة,presentation,"Auth.require"
src/ui/actions-handlers-crm.ts,-,ARCH003,B: UI يستدعي Auth مباشرة,presentation,"Auth.require"
src/ui/actions-handlers-documents.ts,-,ARCH003,B: UI يستدعي Auth مباشرة,presentation,"Auth.require"
src/ui/actions-handlers-documents.ts,-,ARCH003,B: UI يستدعي Auth مباشرة,presentation,"Auth.require"
src/ui/actions-handlers-documents.ts,-,ARCH003,B: UI يستدعي Auth مباشرة,presentation,"Auth.require"
src/ui/actions-handlers-documents.ts,-,ARCH003,B: UI يستدعي Auth مباشرة,presentation,"Auth.require"
src/ui/actions-handlers-documents.ts,-,ARCH003,B: UI يستدعي Auth مباشرة,presentation,"Auth.require"
src/ui/actions-handlers-documents.ts,-,ARCH003,B: UI يستدعي Auth مباشرة,presentation,"Auth.require"
src/ui/actions-handlers-documents.ts,-,ARCH003,B: UI يستدعي Auth مباشرة,presentation,"Auth.can"
src/ui/actions-handlers-documents.ts,-,ARCH003,B: UI يستدعي Auth مباشرة,presentation,"Auth.can"
src/ui/actions-handlers-finance.ts,-,ARCH003,B: UI يستدعي Auth مباشرة,presentation,"Auth.require"
src/ui/actions-handlers-finance.ts,-,ARCH003,B: UI يستدعي Auth مباشرة,presentation,"Auth.require"
src/ui/actions-handlers-finance.ts,-,ARCH003,B: UI يستدعي Auth مباشرة,presentation,"Auth.require"
src/ui/actions-handlers-finance.ts,-,ARCH003,B: UI يستدعي Auth مباشرة,presentation,"Auth.require"
src/ui/actions-handlers-finance.ts,-,ARCH003,B: UI يستدعي Auth مباشرة,presentation,"Auth.require"
src/ui/actions-handlers-finance.ts,-,ARCH003,B: UI يستدعي Auth مباشرة,presentation,"Auth.require"
src/ui/actions-handlers-finance.ts,-,ARCH003,B: UI يستدعي Auth مباشرة,presentation,"Auth.require"
src/ui/actions-handlers-finance.ts,-,ARCH003,B: UI يستدعي Auth مباشرة,presentation,"Auth.require"
src/ui/actions-handlers-finance.ts,-,ARCH003,B: UI يستدعي Auth مباشرة,presentation,"Auth.require"
src/ui/actions-handlers-finance.ts,-,ARCH003,B: UI يستدعي Auth مباشرة,presentation,"Auth.require"
src/ui/actions-handlers-finance.ts,-,ARCH003,B: UI يستدعي Auth مباشرة,presentation,"Auth.require"
src/ui/actions-handlers-master.ts,-,ARCH003,B: UI يستدعي Auth مباشرة,presentation,"Auth.require"
src/ui/actions-handlers-master.ts,-,ARCH003,B: UI يستدعي Auth مباشرة,presentation,"Auth.require"
src/ui/actions-handlers-master.ts,-,ARCH003,B: UI يستدعي Auth مباشرة,presentation,"Auth.require"
src/ui/actions-handlers-master.ts,-,ARCH003,B: UI يستدعي Auth مباشرة,presentation,"Auth.require"
src/ui/actions-handlers-master.ts,-,ARCH003,B: UI يستدعي Auth مباشرة,presentation,"Auth.require"
src/ui/actions-handlers-master.ts,-,ARCH003,B: UI يستدعي Auth مباشرة,presentation,"Auth.require"
src/ui/actions-handlers-master.ts,-,ARCH003,B: UI يستدعي Auth مباشرة,presentation,"Auth.require"
src/ui/actions-handlers-master.ts,-,ARCH003,B: UI يستدعي Auth مباشرة,presentation,"Auth.require"
src/ui/actions-handlers-master.ts,-,ARCH003,B: UI يستدعي Auth مباشرة,presentation,"Auth.require"
src/ui/actions-handlers-master.ts,-,ARCH003,B: UI يستدعي Auth مباشرة,presentation,"Auth.require"
src/ui/actions-handlers-master.ts,-,ARCH003,B: UI يستدعي Auth مباشرة,presentation,"Auth.require"
src/ui/actions-handlers-master.ts,-,ARCH003,B: UI يستدعي Auth مباشرة,presentation,"Auth.can"
src/ui/actions-handlers-master.ts,-,ARCH003,B: UI يستدعي Auth مباشرة,presentation,"Auth.can"
src/ui/actions-handlers-master.ts,-,ARCH003,B: UI يستدعي Auth مباشرة,presentation,"Auth.can"
src/ui/actions-handlers-master.ts,-,ARCH003,B: UI يستدعي Auth مباشرة,presentation,"Auth.can"
src/ui/actions-handlers-master.ts,-,ARCH003,B: UI يستدعي Auth مباشرة,presentation,"Auth.can"
src/ui/actions-handlers-master.ts,-,ARCH003,B: UI يستدعي Auth مباشرة,presentation,"Auth.can"
src/ui/actions-handlers-master.ts,-,ARCH003,B: UI يستدعي Auth مباشرة,presentation,"Auth.can"
src/ui/actions-handlers-master.ts,-,ARCH003,B: UI يستدعي Auth مباشرة,presentation,"Auth.can"
src/ui/actions-handlers-master.ts,-,ARCH003,B: UI يستدعي Auth مباشرة,presentation,"Auth.can"
src/ui/actions-handlers-master.ts,-,ARCH003,B: UI يستدعي Auth مباشرة,presentation,"Auth.can"
src/ui/actions-handlers-master.ts,-,ARCH003,B: UI يستدعي Auth مباشرة,presentation,"Auth.can"
src/ui/actions-handlers-master.ts,-,ARCH003,B: UI يستدعي Auth مباشرة,presentation,"Auth.can"
src/ui/actions-handlers-reports-settings.ts,-,ARCH003,B: UI يستدعي Auth مباشرة,presentation,"Auth.require"
src/ui/actions-handlers-reports-settings.ts,-,ARCH003,B: UI يستدعي Auth مباشرة,presentation,"Auth.require"
src/ui/actions-handlers-reports-settings.ts,-,ARCH003,B: UI يستدعي Auth مباشرة,presentation,"Auth.require"
src/ui/actions-handlers-reports-settings.ts,-,ARCH003,B: UI يستدعي Auth مباشرة,presentation,"Auth.require"
src/ui/actions-handlers-reports-settings.ts,-,ARCH003,B: UI يستدعي Auth مباشرة,presentation,"Auth.require"
src/ui/actions-handlers-reports-settings.ts,-,ARCH003,B: UI يستدعي Auth مباشرة,presentation,"Auth.require"
src/ui/actions-handlers-reports-settings.ts,-,ARCH003,B: UI يستدعي Auth مباشرة,presentation,"Auth.require"
src/ui/actions-handlers-reports-settings.ts,-,ARCH003,B: UI يستدعي Auth مباشرة,presentation,"Auth.require"
src/ui/actions-handlers-reports-settings.ts,-,ARCH003,B: UI يستدعي Auth مباشرة,presentation,"Auth.require"
src/ui/actions-handlers-reports-settings.ts,-,ARCH003,B: UI يستدعي Auth مباشرة,presentation,"Auth.require"
src/ui/actions-handlers-reports-settings.ts,-,ARCH003,B: UI يستدعي Auth مباشرة,presentation,"Auth.require"
src/ui/admin-pages.ts,-,ARCH003,B: UI يستدعي Auth مباشرة,presentation,"Auth.can"
src/ui/admin-pages.ts,-,ARCH003,B: UI يستدعي Auth مباشرة,presentation,"Auth.can"
src/ui/admin-pages.ts,-,ARCH003,B: UI يستدعي Auth مباشرة,presentation,"Auth.can"
src/ui/admin-pages.ts,-,ARCH003,B: UI يستدعي Auth مباشرة,presentation,"Auth.can"
src/ui/admin-pages.ts,-,ARCH003,B: UI يستدعي Auth مباشرة,presentation,"Auth.can"
src/ui/admin-pages.ts,-,ARCH003,B: UI يستدعي Auth مباشرة,presentation,"Auth.can"
src/ui/admin-pages.ts,-,ARCH003,B: UI يستدعي Auth مباشرة,presentation,"Auth.can"
src/ui/admin-pages.ts,-,ARCH003,B: UI يستدعي Auth مباشرة,presentation,"Auth.can"
src/ui/clean-pages.ts,-,ARCH003,B: UI يستدعي Auth مباشرة,presentation,"Auth.can"
src/ui/clean-pages.ts,-,ARCH003,B: UI يستدعي Auth مباشرة,presentation,"Auth.can"
src/ui/clean-pages.ts,-,ARCH003,B: UI يستدعي Auth مباشرة,presentation,"Auth.can"
src/ui/clean-pages.ts,-,ARCH003,B: UI يستدعي Auth مباشرة,presentation,"Auth.can"
src/ui/clean-pages.ts,-,ARCH003,B: UI يستدعي Auth مباشرة,presentation,"Auth.can"
src/ui/clean-pages.ts,-,ARCH003,B: UI يستدعي Auth مباشرة,presentation,"Auth.can"
src/ui/clean-pages.ts,-,ARCH003,B: UI يستدعي Auth مباشرة,presentation,"Auth.can"
src/ui/clean-pages.ts,-,ARCH003,B: UI يستدعي Auth مباشرة,presentation,"Auth.can"
src/ui/clean-pages.ts,-,ARCH003,B: UI يستدعي Auth مباشرة,presentation,"Auth.can"
src/ui/clean-pages.ts,-,ARCH003,B: UI يستدعي Auth مباشرة,presentation,"Auth.can"
src/ui/clean-pages.ts,-,ARCH003,B: UI يستدعي Auth مباشرة,presentation,"Auth.can"
src/ui/clean-pages.ts,-,ARCH003,B: UI يستدعي Auth مباشرة,presentation,"Auth.can"
src/ui/clean-pages.ts,-,ARCH003,B: UI يستدعي Auth مباشرة,presentation,"Auth.can"
src/ui/clean-pages.ts,-,ARCH003,B: UI يستدعي Auth مباشرة,presentation,"Auth.can"
src/ui/clean-pages.ts,-,ARCH003,B: UI يستدعي Auth مباشرة,presentation,"Auth.can"
src/ui/clean-pages.ts,-,ARCH003,B: UI يستدعي Auth مباشرة,presentation,"Auth.can"
src/ui/clean-pages.ts,-,ARCH003,B: UI يستدعي Auth مباشرة,presentation,"Auth.can"
src/ui/clean-pages.ts,-,ARCH003,B: UI يستدعي Auth مباشرة,presentation,"Auth.can"
src/ui/clean-pages.ts,-,ARCH003,B: UI يستدعي Auth مباشرة,presentation,"Auth.can"
src/ui/clean-pages.ts,-,ARCH003,B: UI يستدعي Auth مباشرة,presentation,"Auth.can"
src/ui/clean-pages.ts,-,ARCH003,B: UI يستدعي Auth مباشرة,presentation,"Auth.can"
src/ui/clean-pages.ts,-,ARCH003,B: UI يستدعي Auth مباشرة,presentation,"Auth.can"
src/ui/clean-pages.ts,-,ARCH003,B: UI يستدعي Auth مباشرة,presentation,"Auth.can"
src/ui/clean-pages.ts,-,ARCH003,B: UI يستدعي Auth مباشرة,presentation,"Auth.can"
src/ui/clean-pages.ts,-,ARCH003,B: UI يستدعي Auth مباشرة,presentation,"Auth.can"
src/ui/clean-pages.ts,-,ARCH003,B: UI يستدعي Auth مباشرة,presentation,"Auth.can"
src/ui/clean-pages.ts,-,ARCH003,B: UI يستدعي Auth مباشرة,presentation,"Auth.can"
src/ui/clean-pages.ts,-,ARCH003,B: UI يستدعي Auth مباشرة,presentation,"Auth.can"
src/ui/clean-pages.ts,-,ARCH003,B: UI يستدعي Auth مباشرة,presentation,"Auth.can"
src/ui/clean-pages.ts,-,ARCH003,B: UI يستدعي Auth مباشرة,presentation,"Auth.can"
src/ui/clean-pages.ts,-,ARCH003,B: UI يستدعي Auth مباشرة,presentation,"Auth.can"
src/ui/clean-pages.ts,-,ARCH003,B: UI يستدعي Auth مباشرة,presentation,"Auth.can"
src/ui/clean-pages.ts,-,ARCH003,B: UI يستدعي Auth مباشرة,presentation,"Auth.can"
src/ui/clean-pages.ts,-,ARCH003,B: UI يستدعي Auth مباشرة,presentation,"Auth.can"
src/ui/clean-pages.ts,-,ARCH003,B: UI يستدعي Auth مباشرة,presentation,"Auth.can"
src/ui/clean-pages.ts,-,ARCH003,B: UI يستدعي Auth مباشرة,presentation,"Auth.can"
src/ui/clean-pages.ts,-,ARCH003,B: UI يستدعي Auth مباشرة,presentation,"Auth.can"
src/ui/clean-pages.ts,-,ARCH003,B: UI يستدعي Auth مباشرة,presentation,"Auth.can"
src/ui/clean-pages.ts,-,ARCH003,B: UI يستدعي Auth مباشرة,presentation,"Auth.can"
src/ui/clean-pages.ts,-,ARCH003,B: UI يستدعي Auth مباشرة,presentation,"Auth.can"
src/ui/clean-pages.ts,-,ARCH003,B: UI يستدعي Auth مباشرة,presentation,"Auth.can"
src/ui/clean-pages.ts,-,ARCH003,B: UI يستدعي Auth مباشرة,presentation,"Auth.can"
src/ui/clean-pages.ts,-,ARCH003,B: UI يستدعي Auth مباشرة,presentation,"Auth.can"
src/ui/clean-pages.ts,-,ARCH003,B: UI يستدعي Auth مباشرة,presentation,"Auth.can"
src/ui/clean-pages.ts,-,ARCH003,B: UI يستدعي Auth مباشرة,presentation,"Auth.can"
src/ui/clean-pages.ts,-,ARCH003,B: UI يستدعي Auth مباشرة,presentation,"Auth.can"
src/ui/clean-pages.ts,-,ARCH003,B: UI يستدعي Auth مباشرة,presentation,"Auth.can"
src/ui/clean-pages.ts,-,ARCH003,B: UI يستدعي Auth مباشرة,presentation,"Auth.can"
src/ui/commercial-ux.ts,-,ARCH003,B: UI يستدعي Auth مباشرة,presentation,"Auth.user"
src/ui/commercial-ux.ts,-,ARCH003,B: UI يستدعي Auth مباشرة,presentation,"Auth.user"
src/ui/commercial-ux.ts,-,ARCH003,B: UI يستدعي Auth مباشرة,presentation,"Auth.user"
src/ui/commercial-ux.ts,-,ARCH003,B: UI يستدعي Auth مباشرة,presentation,"Auth.user"
src/ui/commercial-ux.ts,-,ARCH003,B: UI يستدعي Auth مباشرة,presentation,"Auth.user"
src/ui/commercial-ux.ts,-,ARCH003,B: UI يستدعي Auth مباشرة,presentation,"Auth.user"
src/ui/commercial-ux.ts,-,ARCH003,B: UI يستدعي Auth مباشرة,presentation,"Auth.user"
src/ui/commercial-ux.ts,-,ARCH003,B: UI يستدعي Auth مباشرة,presentation,"Auth.user"
src/ui/commercial-ux.ts,-,ARCH003,B: UI يستدعي Auth مباشرة,presentation,"Auth.can"
src/ui/data-table.ts,-,ARCH003,B: UI يستدعي Auth مباشرة,presentation,"Auth.can"
src/ui/delegated-actions.ts,-,ARCH003,B: UI يستدعي Auth مباشرة,presentation,"Auth.passwordStrength"
src/ui/delegated-actions.ts,-,ARCH003,B: UI يستدعي Auth مباشرة,presentation,"Auth.logout"
src/ui/forms-definitions.ts,-,ARCH003,B: UI يستدعي Auth مباشرة,presentation,"Auth.user"
src/ui/forms-definitions.ts,-,ARCH003,B: UI يستدعي Auth مباشرة,presentation,"Auth.user"
src/ui/forms-definitions.ts,-,ARCH003,B: UI يستدعي Auth مباشرة,presentation,"Auth.user"
src/ui/forms.ts,-,ARCH003,B: UI يستدعي Auth مباشرة,presentation,"Auth.require"
src/ui/forms.ts,-,ARCH003,B: UI يستدعي Auth مباشرة,presentation,"Auth.require"
src/ui/forms.ts,-,ARCH003,B: UI يستدعي Auth مباشرة,presentation,"Auth.require"
src/ui/forms.ts,-,ARCH003,B: UI يستدعي Auth مباشرة,presentation,"Auth.require"
src/ui/forms.ts,-,ARCH003,B: UI يستدعي Auth مباشرة,presentation,"Auth.user"
src/ui/forms.ts,-,ARCH003,B: UI يستدعي Auth مباشرة,presentation,"Auth.can"
src/ui/operations-pages.ts,-,ARCH003,B: UI يستدعي Auth مباشرة,presentation,"Auth.can"
src/ui/operations-pages.ts,-,ARCH003,B: UI يستدعي Auth مباشرة,presentation,"Auth.can"
src/ui/operations-pages.ts,-,ARCH003,B: UI يستدعي Auth مباشرة,presentation,"Auth.can"
src/ui/operations-pages.ts,-,ARCH003,B: UI يستدعي Auth مباشرة,presentation,"Auth.can"
src/ui/operations-pages.ts,-,ARCH003,B: UI يستدعي Auth مباشرة,presentation,"Auth.can"
src/ui/operations-pages.ts,-,ARCH003,B: UI يستدعي Auth مباشرة,presentation,"Auth.can"
src/ui/operations-pages.ts,-,ARCH003,B: UI يستدعي Auth مباشرة,presentation,"Auth.can"
src/ui/operations-pages.ts,-,ARCH003,B: UI يستدعي Auth مباشرة,presentation,"Auth.can"
src/ui/operations-pages.ts,-,ARCH003,B: UI يستدعي Auth مباشرة,presentation,"Auth.can"
src/ui/operations-pages.ts,-,ARCH003,B: UI يستدعي Auth مباشرة,presentation,"Auth.can"
src/ui/operations-pages.ts,-,ARCH003,B: UI يستدعي Auth مباشرة,presentation,"Auth.can"
src/ui/operations-pages.ts,-,ARCH003,B: UI يستدعي Auth مباشرة,presentation,"Auth.can"
src/ui/operations-pages.ts,-,ARCH003,B: UI يستدعي Auth مباشرة,presentation,"Auth.can"
src/ui/pages.ts,-,ARCH003,B: UI يستدعي Auth مباشرة,presentation,"Auth.can"
src/ui/settings-pages.ts,-,ARCH003,B: UI يستدعي Auth مباشرة,presentation,"Auth.user"
src/ui/settings-pages.ts,-,ARCH003,B: UI يستدعي Auth مباشرة,presentation,"Auth.user"
src/ui/settings-pages.ts,-,ARCH003,B: UI يستدعي Auth مباشرة,presentation,"Auth.can"
src/ui/settings-pages.ts,-,ARCH003,B: UI يستدعي Auth مباشرة,presentation,"Auth.can"
src/ui/ui-base-methods.ts,-,ARCH003,B: UI يستدعي Auth مباشرة,presentation,"Auth.user"
src/ui/ui-base-methods.ts,-,ARCH003,B: UI يستدعي Auth مباشرة,presentation,"Auth.can"
src/ui/ui-menus-search.ts,-,ARCH003,B: UI يستدعي Auth مباشرة,presentation,"Auth.user"
src/ui/ui-menus-search.ts,-,ARCH003,B: UI يستدعي Auth مباشرة,presentation,"Auth.user"
src/ui/ui-menus-search.ts,-,ARCH003,B: UI يستدعي Auth مباشرة,presentation,"Auth.can"
src/ui/ui-shell.ts,-,ARCH003,B: UI يستدعي Auth مباشرة,presentation,"Auth.user"
src/ui/ui-tables.ts,-,ARCH003,B: UI يستدعي Auth مباشرة,presentation,"Auth.can"
src/ui/ui-workspace-nav.ts,-,ARCH003,B: UI يستدعي Auth مباشرة,presentation,"Auth.user"
src/ui/ui-workspace-nav.ts,-,ARCH003,B: UI يستدعي Auth مباشرة,presentation,"Auth.user"
src/ui/ui-workspace-nav.ts,-,ARCH003,B: UI يستدعي Auth مباشرة,presentation,"Auth.can"
src/ui/ui-workspace-nav.ts,-,ARCH003,B: UI يستدعي Auth مباشرة,presentation,"Auth.can"
src/ui/ui-workspace-nav.ts,-,ARCH003,B: UI يستدعي Auth مباشرة,presentation,"Auth.can"
src/ui/ui-workspace-nav.ts,-,ARCH003,B: UI يستدعي Auth مباشرة,presentation,"Auth.can"
src/ui/ui-workspace-nav.ts,-,ARCH003,B: UI يستدعي Auth مباشرة,presentation,"typeof Auth"
src/documents/attachments-backup.ts,-,ARCH004,E: غير ذلك (monkey-patch/window),application-platform,"DB.data = d"
src/mobile.ts,-,ARCH004,E: غير ذلك (monkey-patch/window),application-platform,"DB.syncBlocked = false"
src/mobile.ts,-,ARCH004,E: غير ذلك (monkey-patch/window),application-platform,"DB.syncBlocked = false"
src/mobile.ts,-,ARCH004,E: غير ذلك (monkey-patch/window),application-platform,"DB.syncBlocked = false"
src/mobile.ts,-,ARCH004,E: غير ذلك (monkey-patch/window),application-platform,"DB.lastSaveError = ''"
src/mobile.ts,-,ARCH004,E: غير ذلك (monkey-patch/window),application-platform,"DB.lastSaveError = ''"
src/mobile.ts,-,ARCH004,E: غير ذلك (monkey-patch/window),application-platform,"DB.lastSaveError = ''"
src/mobile.ts,-,ARCH004,E: غير ذلك (monkey-patch/window),application-platform,"Auth.user = byId(DB.data.users || [], uid) || Auth.user"
src/mobile.ts,-,ARCH004,E: غير ذلك (monkey-patch/window),application-platform,"UI.navHistory = Array.isArray(state.history) ? state.history.slice(-30) : []"
src/mobile.ts,-,ARCH004,E: غير ذلك (monkey-patch/window),application-platform,"DB.data = remote.data"
src/mobile.ts,-,ARCH004,E: غير ذلك (monkey-patch/window),application-platform,"UI.init = function (...args: any[]) { const result = initUi(...args); setTimeout(restoreNativeUiStat"
src/persistence/browser-store.ts,-,ARCH004,E: غير ذلك (monkey-patch/window),persistence,"DB.ensure = function () { const legacyAppearance = this.data?.settings?.appearance, result = DBEnsur"
src/security/auth.ts,-,ARCH004,E: غير ذلك (monkey-patch/window),security,"DB.data = data"
src/security/auth.ts,-,ARCH004,E: غير ذلك (monkey-patch/window),security,"DB.data = data"
src/security/auth.ts,-,ARCH004,E: غير ذلك (monkey-patch/window),security,"DB.data = remote.data"
src/ui/actions-handlers-master.ts,-,ARCH004,E: غير ذلك (monkey-patch/window),presentation,"UI.workspaceId = ''"
src/ui/commercial-ux.ts,-,ARCH004,E: غير ذلك (monkey-patch/window),presentation,"UI.backHome = function (opts = {}) { if (!CommercialUX.canLeave()) return false; return uxHome(opts)"
src/ui/commercial-ux.ts,-,ARCH004,E: غير ذلك (monkey-patch/window),presentation,"UI.renderCurrent = function () { uxRender(); CommercialUX.enhance(document); }"
src/ui/commercial-ux.ts,-,ARCH004,E: غير ذلك (monkey-patch/window),presentation,"UI.openWorkspace = function (id, opts = {}) { if (!CommercialUX.canLeave()) return false; return uxW"
src/ui/commercial-ux.ts,-,ARCH004,E: غير ذلك (monkey-patch/window),presentation,"UI.updateTopbar = function () { uxTopbar(); const all = Commercial.notifications(), read = Commercia"
src/ui/commercial-ux.ts,-,ARCH004,E: غير ذلك (monkey-patch/window),presentation,"DB.save = function (render = true, options: any = {}) { const silent = options?.silentUi === true, b"
src/ui/commercial-ux.ts,-,ARCH004,E: غير ذلك (monkey-patch/window),presentation,"UI.toggleNotifications = function (e) { e?.stopPropagation(); const p = document.getElementById('not"
src/ui/commercial-ux.ts,-,ARCH004,E: غير ذلك (monkey-patch/window),presentation,"UI.closeModal = function (force = false) { if (!force && !CommercialUX.canLeave()) return false; con"
src/ui/commercial-ux.ts,-,ARCH004,E: غير ذلك (monkey-patch/window),presentation,"(UI as any).renderNotificationPanel = function (p) { if (!p) return; const all = Commercial.notifica"
src/ui/commercial-ux.ts,-,ARCH004,E: غير ذلك (monkey-patch/window),presentation,"UI.openPage = function (page, id = '', opts = {}) { if (page !== this.current && !CommercialUX.canLe"
src/ui/commercial-ux.ts,-,ARCH004,E: غير ذلك (monkey-patch/window),presentation,"UI.toggleUserMenu = function (e) { uxUserMenu(e); const p = document.getElementById('userMenu'); if "
src/ui/data-table.ts,-,ARCH004,E: غير ذلك (monkey-patch/window),presentation,"UI.sortTable = function (th, index) { if (th.dataset.export === '0') return; const card = th.closest"
src/ui/data-table.ts,-,ARCH004,E: غير ذلك (monkey-patch/window),presentation,"UI.renderTablePage = function (key, card) { const rec = this._lazyTables.get(key); if (!rec || rec.k"
src/ui/data-table.ts,-,ARCH004,E: غير ذلك (monkey-patch/window),presentation,"(UI as any).dataTable = function (headers, items, rowRenderer, empty = 'لا توجد بيانات', opts: any ="
src/ui/data-table.ts,-,ARCH004,E: غير ذلك (monkey-patch/window),presentation,"UI.filterTable = function (input) { const card = input.closest('.table-card'), q = this.searchNormal"
src/ui/data-table.ts,-,ARCH004,E: غير ذلك (monkey-patch/window),presentation,"UI.exportTable = function (btn) { const card = btn.closest('.table-card'), key = card?.dataset?.lazy"
src/ui/data-table.ts,-,ARCH004,E: غير ذلك (monkey-patch/window),presentation,"(UI as any).dataTableSearchValue = function (rec, item) { if (rec.searchText) { try { return this.se"
src/ui/ui-modal-stack.ts,-,ARCH004,E: غير ذلك (monkey-patch/window),presentation,"UI.restoreModalControls = function (f, items = []) { if (!f || !items?.length) return; const els = ["
src/ui/ui-modal-stack.ts,-,ARCH004,E: غير ذلك (monkey-patch/window),presentation,"UI._modalStack = []"
src/ui/ui-modal-stack.ts,-,ARCH004,E: غير ذلك (monkey-patch/window),presentation,"UI.captureModalControls = function (f) { if (!f) return []; return [...f.querySelectorAll('input,sel"
src/ui/ui-modal-stack.ts,-,ARCH004,E: غير ذلك (monkey-patch/window),presentation,"UI.resetModalFooter = function (label = 'حفظ البيانات', { danger = false, hideSubmit = false, cancel"
src/ui/ui-modal-stack.ts,-,ARCH004,E: غير ذلك (monkey-patch/window),presentation,"UI.installGlobalModalStack = function () { if (this._modalStackInstalled) return; const m = UIDocume"
src/ui/ui-modal-stack.ts,-,ARCH004,E: غير ذلك (monkey-patch/window),presentation,"UI.restoreModal = function (s) { if (!s) return false; const m = UIDocument.getElementById('modal'),"
src/ui/ui-modal-stack.ts,-,ARCH004,E: غير ذلك (monkey-patch/window),presentation,"UI.captureModal = function () { const m = UIDocument.getElementById('modal'), f = UIDocument.getElem"
src/mobile.ts,-,ARCH005,E: غير ذلك (monkey-patch/window),application-platform,"(window as any).ERP_MOBILE.checkConnection = () => checkServerHealth('manual')"
src/mobile.ts,-,ARCH005,E: غير ذلك (monkey-patch/window),application-platform,"(window as any).ERP_MOBILE.checkConnection = async () => true"
src/mobile.ts,-,ARCH005,E: غير ذلك (monkey-patch/window),application-platform,"(window as any).ERP_MOBILE.applyPendingRelease = applyPendingRelease"
src/mobile.ts,-,ARCH005,E: غير ذلك (monkey-patch/window),application-platform,"(window as any).ERP_MOBILE.checkAppRelease = () => checkLiveRelease('manual')"
src/mobile.ts,-,ARCH005,E: غير ذلك (monkey-patch/window),application-platform,"(window as any).ERP_MOBILE = { apiBase: API_BASE, clearSession: () => { }, isNative: true, shell: sh"
src/mobile.ts,-,ARCH005,E: غير ذلك (monkey-patch/window),application-platform,"(window as any).ERP_MOBILE.refresh = () => refreshFromServer('api')"
src/mobile.ts,-,ARCH005,E: غير ذلك (monkey-patch/window),application-platform,"(window as any).ERP_MOBILE.applyPendingRelease = () => false"
src/mobile.ts,-,ARCH005,E: غير ذلك (monkey-patch/window),application-platform,"(window as any).ERP_MOBILE.checkAppRelease = async () => false"
src/mobile.ts,-,ARCH005,E: غير ذلك (monkey-patch/window),application-platform,"window.fetch = (async (input: any, init: any = {}) => { const target = apiUrl(input); if (!target) r"
src/mobile.ts,-,ARCH005,E: غير ذلك (monkey-patch/window),application-platform,"(window as any).ERP_MOBILE.refresh = async () => { try { await DataStore.localPut(DB.data); UI?.rend"
src/accounting/engine.ts,-,ARCH006,C: منطق/محاسبة يستدعي UI,domain-core,"UI.openPage"
src/commercial/actions.ts,-,ARCH006,C: منطق/محاسبة يستدعي UI,domain-core,"toast(pinned ? 'تم تثبيت النسخة' : 'تم إلغاء التثبيت', 'ok')"
src/commercial/actions.ts,-,ARCH006,C: منطق/محاسبة يستدعي UI,domain-core,"UI.openPage"
src/commercial/actions.ts,-,ARCH006,C: منطق/محاسبة يستدعي UI,domain-core,"UI.confirmAction"
src/commercial/actions.ts,-,ARCH006,C: منطق/محاسبة يستدعي UI,domain-core,"UI.confirmAction"
src/commercial/actions.ts,-,ARCH006,C: منطق/محاسبة يستدعي UI,domain-core,"UI.confirmAction"
src/commercial/actions.ts,-,ARCH006,C: منطق/محاسبة يستدعي UI,domain-core,"UI.confirmAction"
src/commercial/actions.ts,-,ARCH006,C: منطق/محاسبة يستدعي UI,domain-core,"CommercialActions.bytes"
src/commercial/actions.ts,-,ARCH006,C: منطق/محاسبة يستدعي UI,domain-core,"Object.assign(CommercialActions, { isAdmin() { return Auth.user?.role === 'admin' || Auth.user?.perm"
src/commercial/actions.ts,-,ARCH006,C: منطق/محاسبة يستدعي UI,domain-core,"toast('تم إنشاء النسخة الخادمية والتحقق من سلامتها', 'ok')"
src/commercial/actions.ts,-,ARCH006,C: منطق/محاسبة يستدعي UI,domain-core,"UI.renderCurrent"
src/commercial/actions.ts,-,ARCH006,C: منطق/محاسبة يستدعي UI,domain-core,"toast(e.message, 'error')"
src/commercial/actions.ts,-,ARCH006,C: منطق/محاسبة يستدعي UI,domain-core,"toast(e.message, 'error')"
src/commercial/actions.ts,-,ARCH006,C: منطق/محاسبة يستدعي UI,domain-core,"toast(e.message, 'error')"
src/commercial/actions.ts,-,ARCH006,C: منطق/محاسبة يستدعي UI,domain-core,"toast(e.message, 'error')"
src/commercial/actions.ts,-,ARCH006,C: منطق/محاسبة يستدعي UI,domain-core,"toast(e.message, 'error')"
src/commercial/actions.ts,-,ARCH006,C: منطق/محاسبة يستدعي UI,domain-core,"toast(e.message, 'error')"
src/commercial/actions.ts,-,ARCH006,C: منطق/محاسبة يستدعي UI,domain-core,"toast(e.message, 'error')"
src/commercial/actions.ts,-,ARCH006,C: منطق/محاسبة يستدعي UI,domain-core,"toast(e.message, 'error')"
src/commercial/actions.ts,-,ARCH006,C: منطق/محاسبة يستدعي UI,domain-core,"toast(e.message, 'error')"
src/commercial/actions.ts,-,ARCH006,C: منطق/محاسبة يستدعي UI,domain-core,"toast(e.message, 'error')"
src/commercial/actions.ts,-,ARCH006,C: منطق/محاسبة يستدعي UI,domain-core,"toast(e.message, 'error')"
src/commercial/actions.ts,-,ARCH006,C: منطق/محاسبة يستدعي UI,domain-core,"toast(e.message, 'error')"
src/commercial/actions.ts,-,ARCH006,C: منطق/محاسبة يستدعي UI,domain-core,"toast(e.message, 'error')"
src/commercial/actions.ts,-,ARCH006,C: منطق/محاسبة يستدعي UI,domain-core,"toast(e.message, 'error')"
src/commercial/actions.ts,-,ARCH006,C: منطق/محاسبة يستدعي UI,domain-core,"toast(e.message, 'error')"
src/commercial/actions.ts,-,ARCH006,C: منطق/محاسبة يستدعي UI,domain-core,"toast(e.message, 'error')"
src/commercial/actions.ts,-,ARCH006,C: منطق/محاسبة يستدعي UI,domain-core,"toast(e.message, 'error')"
src/commercial/actions.ts,-,ARCH006,C: منطق/محاسبة يستدعي UI,domain-core,"toast('تم حذف النسخة', 'ok')"
src/commercial/actions.ts,-,ARCH006,C: منطق/محاسبة يستدعي UI,domain-core,"toast(`تم إنشاء أرشيف ${p.periodEnd.slice(0, 4)} بنجاح — سليم ✅`, 'ok')"
src/commercial/actions.ts,-,ARCH006,C: منطق/محاسبة يستدعي UI,domain-core,"toast(x.ok ? 'النسخة سليمة ✅' : 'فشل التحقق ❌', x.ok ? 'ok' : 'error')"
src/commercial/actions.ts,-,ARCH006,C: منطق/محاسبة يستدعي UI,domain-core,"UI.closeModal"
src/commercial/actions.ts,-,ARCH006,C: منطق/محاسبة يستدعي UI,domain-core,"UI.closeModal"
src/commercial/actions.ts,-,ARCH006,C: منطق/محاسبة يستدعي UI,domain-core,"UI.closeModal"
src/commercial/actions.ts,-,ARCH006,C: منطق/محاسبة يستدعي UI,domain-core,"UI.closeModal"
src/commercial/actions.ts,-,ARCH006,C: منطق/محاسبة يستدعي UI,domain-core,"UI.closeModal"
src/commercial/actions.ts,-,ARCH006,C: منطق/محاسبة يستدعي UI,domain-core,"UI.closeModal"
src/commercial/actions.ts,-,ARCH006,C: منطق/محاسبة يستدعي UI,domain-core,"toast('تم تنزيل ملف .erparchive كامل', 'ok')"
src/commercial/actions.ts,-,ARCH006,C: منطق/محاسبة يستدعي UI,domain-core,"toast(`تم تنظيف ${x.deleted || 0} نسخة قديمة غير مثبتة`, 'ok')"
src/commercial/actions.ts,-,ARCH006,C: منطق/محاسبة يستدعي UI,domain-core,"toast(err.message, 'error')"
src/commercial/actions.ts,-,ARCH006,C: منطق/محاسبة يستدعي UI,domain-core,"toast(err.message, 'error')"
src/commercial/actions.ts,-,ARCH006,C: منطق/محاسبة يستدعي UI,domain-core,"toast('تم حذف الأرشيف', 'ok')"
src/commercial/actions.ts,-,ARCH006,C: منطق/محاسبة يستدعي UI,domain-core,"CommercialActions as any"
src/commercial/actions.ts,-,ARCH006,C: منطق/محاسبة يستدعي UI,domain-core,"CommercialActions as any"
src/commercial/actions.ts,-,ARCH006,C: منطق/محاسبة يستدعي UI,domain-core,"toast('تم إلغاء إعادة التهيئة', 'warning')"
src/commercial/actions.ts,-,ARCH006,C: منطق/محاسبة يستدعي UI,domain-core,"toast('راجع الأرشفة أولًا', 'warning')"
src/commercial/actions.ts,-,ARCH006,C: منطق/محاسبة يستدعي UI,domain-core,"Object.assign(Actions, CommercialActions)"
src/commercial/actions.ts,-,ARCH006,C: منطق/محاسبة يستدعي UI,domain-core,"Object.assign(Actions, CommercialActions)"
src/commercial/actions.ts,-,ARCH006,C: منطق/محاسبة يستدعي UI,domain-core,"Object.assign(Actions, CommercialActions)"
src/commercial/actions.ts,-,ARCH006,C: منطق/محاسبة يستدعي UI,domain-core,"Object.assign(Actions, CommercialActions)"
src/commercial/actions.ts,-,ARCH006,C: منطق/محاسبة يستدعي UI,domain-core,"UI.current"
src/commercial/data-exchange.ts,-,ARCH006,C: منطق/محاسبة يستدعي UI,domain-core,"UI.table"
src/commercial/data-exchange.ts,-,ARCH006,C: منطق/محاسبة يستدعي UI,domain-core,"toast(`تم استيراد ${result.added} وتخطي ${result.skipped}`)"
src/commercial/data-exchange.ts,-,ARCH006,C: منطق/محاسبة يستدعي UI,domain-core,"UI.closeModal"
src/commercial/data-exchange.ts,-,ARCH006,C: منطق/محاسبة يستدعي UI,domain-core,"toast(err.message, 'error')"
src/commercial/product.ts,-,ARCH006,C: منطق/محاسبة يستدعي UI,domain-core,"UI.applyBrand"
src/commercial/product.ts,-,ARCH006,C: منطق/محاسبة يستدعي UI,domain-core,"typeof UI"
src/commercial/product.ts,-,ARCH006,C: منطق/محاسبة يستدعي UI,domain-core,"UI.renderCurrent"
src/commercial/product.ts,-,ARCH006,C: منطق/محاسبة يستدعي UI,domain-core,"UI.renderNav"
src/core/delete-center.ts,-,ARCH006,C: منطق/محاسبة يستدعي UI,domain-core,"UI.confirmAction"
src/core/delete-center.ts,-,ARCH006,C: منطق/محاسبة يستدعي UI,domain-core,"toast(out?.retainedForAudit ? `تم مسح ${this.label(kind)} من القوائم مع الاحتفاظ بالأثر المحاسبي` : "
src/core/runtime.ts,-,ARCH006,C: منطق/محاسبة يستدعي UI,domain-core,"toast as any"
src/core/runtime.ts,-,ARCH006,C: منطق/محاسبة يستدعي UI,domain-core,"toast as any"
src/core/umrah/data.ts,-,ARCH006,C: منطق/محاسبة يستدعي UI,domain-core,"UI as any"
src/crm/party360.ts,-,ARCH006,C: منطق/محاسبة يستدعي UI,domain-core,"Actions.normalizeWhatsApp"
src/crm/party360.ts,-,ARCH006,C: منطق/محاسبة يستدعي UI,domain-core,"Pages.head"
src/crm/party360.ts,-,ARCH006,C: منطق/محاسبة يستدعي UI,domain-core,"UI.confirmAction"
src/crm/party360.ts,-,ARCH006,C: منطق/محاسبة يستدعي UI,domain-core,"UI.confirmAction"
src/crm/party360.ts,-,ARCH006,C: منطق/محاسبة يستدعي UI,domain-core,"UI.confirmAction"
src/crm/party360.ts,-,ARCH006,C: منطق/محاسبة يستدعي UI,domain-core,"Actions.statement"
src/crm/party360.ts,-,ARCH006,C: منطق/محاسبة يستدعي UI,domain-core,"UI.table"
src/crm/party360.ts,-,ARCH006,C: منطق/محاسبة يستدعي UI,domain-core,"UI.table"
src/crm/party360.ts,-,ARCH006,C: منطق/محاسبة يستدعي UI,domain-core,"UI.table"
src/crm/party360.ts,-,ARCH006,C: منطق/محاسبة يستدعي UI,domain-core,"UI.table"
src/crm/party360.ts,-,ARCH006,C: منطق/محاسبة يستدعي UI,domain-core,"UI.table"
src/crm/party360.ts,-,ARCH006,C: منطق/محاسبة يستدعي UI,domain-core,"UI.table"
src/crm/party360.ts,-,ARCH006,C: منطق/محاسبة يستدعي UI,domain-core,"UI.table"
src/crm/party360.ts,-,ARCH006,C: منطق/محاسبة يستدعي UI,domain-core,"UI.table"
src/crm/party360.ts,-,ARCH006,C: منطق/محاسبة يستدعي UI,domain-core,"UI.table"
src/crm/party360.ts,-,ARCH006,C: منطق/محاسبة يستدعي UI,domain-core,"UI.table"
src/crm/party360.ts,-,ARCH006,C: منطق/محاسبة يستدعي UI,domain-core,"Print.purchaseOrder"
src/crm/party360.ts,-,ARCH006,C: منطق/محاسبة يستدعي UI,domain-core,"Print.voucher"
src/crm/party360.ts,-,ARCH006,C: منطق/محاسبة يستدعي UI,domain-core,"Print.voucher"
src/crm/party360.ts,-,ARCH006,C: منطق/محاسبة يستدعي UI,domain-core,"UI as any"
src/crm/party360.ts,-,ARCH006,C: منطق/محاسبة يستدعي UI,domain-core,"UI as any"
src/crm/party360.ts,-,ARCH006,C: منطق/محاسبة يستدعي UI,domain-core,"UI as any"
src/crm/party360.ts,-,ARCH006,C: منطق/محاسبة يستدعي UI,domain-core,"UI as any"
src/crm/party360.ts,-,ARCH006,C: منطق/محاسبة يستدعي UI,domain-core,"UI.closeModal"
src/crm/party360.ts,-,ARCH006,C: منطق/محاسبة يستدعي UI,domain-core,"UI.closeModal"
src/crm/party360.ts,-,ARCH006,C: منطق/محاسبة يستدعي UI,domain-core,"UI.enhanceResponsiveTables"
src/crm/party360.ts,-,ARCH006,C: منطق/محاسبة يستدعي UI,domain-core,"UI.badge"
src/crm/party360.ts,-,ARCH006,C: منطق/محاسبة يستدعي UI,domain-core,"UI.badge"
src/crm/party360.ts,-,ARCH006,C: منطق/محاسبة يستدعي UI,domain-core,"UI.badge"
src/crm/party360.ts,-,ARCH006,C: منطق/محاسبة يستدعي UI,domain-core,"UI.badge"
src/crm/party360.ts,-,ARCH006,C: منطق/محاسبة يستدعي UI,domain-core,"UI.badge"
src/crm/party360.ts,-,ARCH006,C: منطق/محاسبة يستدعي UI,domain-core,"UI.badge"
src/crm/party360.ts,-,ARCH006,C: منطق/محاسبة يستدعي UI,domain-core,"UI.badge"
src/crm/party360.ts,-,ARCH006,C: منطق/محاسبة يستدعي UI,domain-core,"UI.badge"
src/crm/party360.ts,-,ARCH006,C: منطق/محاسبة يستدعي UI,domain-core,"UI.kpi"
src/crm/party360.ts,-,ARCH006,C: منطق/محاسبة يستدعي UI,domain-core,"UI.kpi"
src/crm/party360.ts,-,ARCH006,C: منطق/محاسبة يستدعي UI,domain-core,"UI.kpi"
src/crm/party360.ts,-,ARCH006,C: منطق/محاسبة يستدعي UI,domain-core,"UI.kpi"
src/crm/party360.ts,-,ARCH006,C: منطق/محاسبة يستدعي UI,domain-core,"Print.invoice"
src/crm/party360.ts,-,ARCH006,C: منطق/محاسبة يستدعي UI,domain-core,"Actions.openWhatsApp"
src/crm/unified-party.ts,-,ARCH006,C: منطق/محاسبة يستدعي UI,domain-core,"Actions.statement"
src/crm/unified-party.ts,-,ARCH006,C: منطق/محاسبة يستدعي UI,domain-core,"UI.table"
src/crm/unified-party.ts,-,ARCH006,C: منطق/محاسبة يستدعي UI,domain-core,"Print.showUnifiedStatement"
src/crm/unified-party.ts,-,ARCH006,C: منطق/محاسبة يستدعي UI,domain-core,"UI.closeModal"
src/crm/unified-party.ts,-,ARCH006,C: منطق/محاسبة يستدعي UI,domain-core,"UI.badge"
src/persistence/browser-store.ts,-,ARCH006,D: persistence يستدعي UI/منطق,persistence,"Commercial.beforeSave"
src/persistence/browser-store.ts,-,ARCH006,D: persistence يستدعي UI/منطق,persistence,"toast(this.syncBlocked ? this.lastSaveError : (ServerStore.lastError && ServerStore.lastError !== 'ت"
src/persistence/browser-store.ts,-,ARCH006,D: persistence يستدعي UI/منطق,persistence,"typeof Commercial"